Entity,Code,Year,Prevalence of undernourishment (% of population)
Afghanistan,AFG,2001,47.8
Afghanistan,AFG,2002,45.6
Afghanistan,AFG,2003,40.6
Afghanistan,AFG,2004,38
Afghanistan,AFG,2005,36.1
Afghanistan,AFG,2006,33.3
Afghanistan,AFG,2007,29.8
Afghanistan,AFG,2008,26.5
Afghanistan,AFG,2009,23.3
Afghanistan,AFG,2010,21.2
Afghanistan,AFG,2011,20.2
Afghanistan,AFG,2012,21.1
Afghanistan,AFG,2013,20.7
Afghanistan,AFG,2014,20.7
Afghanistan,AFG,2015,21.5
Afghanistan,AFG,2016,22.2
Afghanistan,AFG,2017,23
Afghanistan,AFG,2018,24
Afghanistan,AFG,2019,26.9
Afghanistan,AFG,2020,29.8
Albania,ALB,2001,4.9
Albania,ALB,2002,6.1
Albania,ALB,2003,7.5
Albania,ALB,2004,8.6
Albania,ALB,2005,8.9
Albania,ALB,2006,8.8
Albania,ALB,2007,8.3
Albania,ALB,2008,7.3
Albania,ALB,2009,6.3
Albania,ALB,2010,5.8
Albania,ALB,2011,5.4
Albania,ALB,2012,5.1
Albania,ALB,2013,5
Albania,ALB,2014,5
Albania,ALB,2015,4.9
Albania,ALB,2016,4.7
Albania,ALB,2017,4.7
Albania,ALB,2018,4.6
Albania,ALB,2019,4.3
Albania,ALB,2020,3.9
Algeria,DZA,2001,8
Algeria,DZA,2002,7.3
Algeria,DZA,2003,7
Algeria,DZA,2004,7
Algeria,DZA,2005,6.7
Algeria,DZA,2006,6.4
Algeria,DZA,2007,5.9
Algeria,DZA,2008,5.6
Algeria,DZA,2009,5.1
Algeria,DZA,2010,4.3
Algeria,DZA,2011,3.8
Algeria,DZA,2012,3.2
Algeria,DZA,2013,3
Algeria,DZA,2014,2.9
Algeria,DZA,2015,2.8
Algeria,DZA,2016,2.8
Algeria,DZA,2017,2.7
Algeria,DZA,2018,2.5
Algeria,DZA,2019,2.5
Algeria,DZA,2020,2.5
Angola,AGO,2001,67.5
Angola,AGO,2002,63.2
Angola,AGO,2003,58.7
Angola,AGO,2004,55.1
Angola,AGO,2005,52.2
Angola,AGO,2006,49.3
Angola,AGO,2007,46.1
Angola,AGO,2008,42.9
Angola,AGO,2009,33.1
Angola,AGO,2010,23.9
Angola,AGO,2011,16.4
Angola,AGO,2012,15.1
Angola,AGO,2013,14.3
Angola,AGO,2014,13.7
Angola,AGO,2015,14.5
Angola,AGO,2016,15.4
Angola,AGO,2017,15.4
Angola,AGO,2018,15.7
Angola,AGO,2019,17.9
Angola,AGO,2020,20.8
Argentina,ARG,2001,3
Argentina,ARG,2002,3.8
Argentina,ARG,2003,4.5
Argentina,ARG,2004,4
Argentina,ARG,2005,3.7
Argentina,ARG,2006,3.4
Argentina,ARG,2007,3.3
Argentina,ARG,2008,3.3
Argentina,ARG,2009,3.2
Argentina,ARG,2010,3.1
Argentina,ARG,2011,2.9
Argentina,ARG,2012,2.8
Argentina,ARG,2013,2.6
Argentina,ARG,2014,2.5
Argentina,ARG,2015,2.5
Argentina,ARG,2016,2.6
Argentina,ARG,2017,3.1
Argentina,ARG,2018,3.4
Argentina,ARG,2019,3.5
Argentina,ARG,2020,3.7
Armenia,ARM,2001,26.1
Armenia,ARM,2002,24.5
Armenia,ARM,2003,21.1
Armenia,ARM,2004,16
Armenia,ARM,2005,12.3
Armenia,ARM,2006,9.3
Armenia,ARM,2007,6.9
Armenia,ARM,2008,5.6
Armenia,ARM,2009,4.4
Armenia,ARM,2010,3.7
Armenia,ARM,2011,3.4
Armenia,ARM,2012,3.2
Armenia,ARM,2013,3.2
Armenia,ARM,2014,2.8
Armenia,ARM,2015,2.8
Armenia,ARM,2016,2.7
Armenia,ARM,2017,2.8
Armenia,ARM,2018,2.9
Armenia,ARM,2019,3.1
Armenia,ARM,2020,3.5
Australia,AUS,2001,2.5
Australia,AUS,2002,2.5
Australia,AUS,2003,2.5
Australia,AUS,2004,2.5
Australia,AUS,2005,2.5
Australia,AUS,2006,2.5
Australia,AUS,2007,2.5
Australia,AUS,2008,2.5
Australia,AUS,2009,2.5
Australia,AUS,2010,2.5
Australia,AUS,2011,2.5
Australia,AUS,2012,2.5
Australia,AUS,2013,2.5
Australia,AUS,2014,2.5
Australia,AUS,2015,2.5
Australia,AUS,2016,2.5
Australia,AUS,2017,2.5
Australia,AUS,2018,2.5
Australia,AUS,2019,2.5
Australia,AUS,2020,2.5
Austria,AUT,2001,2.5
Austria,AUT,2002,2.5
Austria,AUT,2003,2.5
Austria,AUT,2004,2.5
Austria,AUT,2005,2.5
Austria,AUT,2006,2.5
Austria,AUT,2007,2.5
Austria,AUT,2008,2.5
Austria,AUT,2009,2.5
Austria,AUT,2010,2.5
Austria,AUT,2011,2.5
Austria,AUT,2012,2.5
Austria,AUT,2013,2.5
Austria,AUT,2014,2.5
Austria,AUT,2015,2.5
Austria,AUT,2016,2.5
Austria,AUT,2017,2.5
Austria,AUT,2018,2.5
Austria,AUT,2019,2.5
Austria,AUT,2020,2.5
Azerbaijan,AZE,2001,17
Azerbaijan,AZE,2002,13.4
Azerbaijan,AZE,2003,10.4
Azerbaijan,AZE,2004,7.4
Azerbaijan,AZE,2005,4.8
Azerbaijan,AZE,2006,2.8
Azerbaijan,AZE,2007,2.5
Azerbaijan,AZE,2008,2.5
Azerbaijan,AZE,2009,2.5
Azerbaijan,AZE,2010,2.5
Azerbaijan,AZE,2011,2.5
Azerbaijan,AZE,2012,2.5
Azerbaijan,AZE,2013,2.5
Azerbaijan,AZE,2014,2.5
Azerbaijan,AZE,2015,2.5
Azerbaijan,AZE,2016,2.5
Azerbaijan,AZE,2017,2.5
Azerbaijan,AZE,2018,2.5
Azerbaijan,AZE,2019,2.5
Azerbaijan,AZE,2020,2.5
Bangladesh,BGD,2001,15.9
Bangladesh,BGD,2002,15.1
Bangladesh,BGD,2003,14.9
Bangladesh,BGD,2004,14.4
Bangladesh,BGD,2005,14.2
Bangladesh,BGD,2006,13.8
Bangladesh,BGD,2007,13.9
Bangladesh,BGD,2008,13.6
Bangladesh,BGD,2009,14.8
Bangladesh,BGD,2010,15.2
Bangladesh,BGD,2011,15.8
Bangladesh,BGD,2012,15.3
Bangladesh,BGD,2013,15
Bangladesh,BGD,2014,14.1
Bangladesh,BGD,2015,14
Bangladesh,BGD,2016,13.3
Bangladesh,BGD,2017,12.5
Bangladesh,BGD,2018,11.5
Bangladesh,BGD,2019,11
Bangladesh,BGD,2020,11.4
Barbados,BRB,2001,6.4
Barbados,BRB,2002,6.2
Barbados,BRB,2003,6.7
Barbados,BRB,2004,6.2
Barbados,BRB,2005,6.1
Barbados,BRB,2006,5.3
Barbados,BRB,2007,5.3
Barbados,BRB,2008,4.9
Barbados,BRB,2009,4.5
Barbados,BRB,2010,4.3
Barbados,BRB,2011,4.2
Barbados,BRB,2012,4.4
Barbados,BRB,2013,4.4
Barbados,BRB,2014,4.4
Barbados,BRB,2015,4.3
Barbados,BRB,2016,4.4
Barbados,BRB,2017,4.3
Barbados,BRB,2018,4.1
Barbados,BRB,2019,3.7
Barbados,BRB,2020,3.4
Belarus,BLR,2001,2.5
Belarus,BLR,2002,2.7
Belarus,BLR,2003,3.3
Belarus,BLR,2004,3.3
Belarus,BLR,2005,2.5
Belarus,BLR,2006,2.5
Belarus,BLR,2007,2.5
Belarus,BLR,2008,2.5
Belarus,BLR,2009,2.5
Belarus,BLR,2010,2.5
Belarus,BLR,2011,2.5
Belarus,BLR,2012,2.5
Belarus,BLR,2013,2.5
Belarus,BLR,2014,2.5
Belarus,BLR,2015,2.5
Belarus,BLR,2016,2.5
Belarus,BLR,2017,2.5
Belarus,BLR,2018,2.5
Belarus,BLR,2019,2.5
Belarus,BLR,2020,2.5
Belgium,BEL,2001,2.5
Belgium,BEL,2002,2.5
Belgium,BEL,2003,2.5
Belgium,BEL,2004,2.5
Belgium,BEL,2005,2.5
Belgium,BEL,2006,2.5
Belgium,BEL,2007,2.5
Belgium,BEL,2008,2.5
Belgium,BEL,2009,2.5
Belgium,BEL,2010,2.5
Belgium,BEL,2011,2.5
Belgium,BEL,2012,2.5
Belgium,BEL,2013,2.5
Belgium,BEL,2014,2.5
Belgium,BEL,2015,2.5
Belgium,BEL,2016,2.5
Belgium,BEL,2017,2.5
Belgium,BEL,2018,2.5
Belgium,BEL,2019,2.5
Belgium,BEL,2020,2.5
Belize,BLZ,2001,5.8
Belize,BLZ,2002,5.4
Belize,BLZ,2003,5.5
Belize,BLZ,2004,5.5
Belize,BLZ,2005,5.7
Belize,BLZ,2006,5.8
Belize,BLZ,2007,6.6
Belize,BLZ,2008,7.1
Belize,BLZ,2009,6.9
Belize,BLZ,2010,6.5
Belize,BLZ,2011,6.4
Belize,BLZ,2012,6.8
Belize,BLZ,2013,7.4
Belize,BLZ,2014,7.7
Belize,BLZ,2015,7.8
Belize,BLZ,2016,7.2
Belize,BLZ,2017,7
Belize,BLZ,2018,6.7
Belize,BLZ,2019,6.8
Belize,BLZ,2020,7.4
Benin,BEN,2001,17.2
Benin,BEN,2002,15.5
Benin,BEN,2003,13.7
Benin,BEN,2004,13.2
Benin,BEN,2005,12
Benin,BEN,2006,11
Benin,BEN,2007,10.1
Benin,BEN,2008,9
Benin,BEN,2009,8.8
Benin,BEN,2010,8.2
Benin,BEN,2011,7.9
Benin,BEN,2012,7.6
Benin,BEN,2013,7.5
Benin,BEN,2014,7.4
Benin,BEN,2015,7.3
Benin,BEN,2016,7.6
Benin,BEN,2017,7.9
Benin,BEN,2018,8.1
Benin,BEN,2019,7.7
Benin,BEN,2020,7.4
Bolivia,BOL,2001,27.9
Bolivia,BOL,2002,26.9
Bolivia,BOL,2003,27.7
Bolivia,BOL,2004,27.7
Bolivia,BOL,2005,26.8
Bolivia,BOL,2006,24.6
Bolivia,BOL,2007,23.9
Bolivia,BOL,2008,24.7
Bolivia,BOL,2009,22.9
Bolivia,BOL,2010,20.4
Bolivia,BOL,2011,17.3
Bolivia,BOL,2012,16.7
Bolivia,BOL,2013,16.5
Bolivia,BOL,2014,15.6
Bolivia,BOL,2015,14.3
Bolivia,BOL,2016,13.1
Bolivia,BOL,2017,12.5
Bolivia,BOL,2018,12.1
Bolivia,BOL,2019,11.9
Bolivia,BOL,2020,13.9
Bosnia and Herzegovina,BIH,2001,3.2
Bosnia and Herzegovina,BIH,2002,3
Bosnia and Herzegovina,BIH,2003,2.6
Bosnia and Herzegovina,BIH,2004,2.5
Bosnia and Herzegovina,BIH,2005,2.5
Bosnia and Herzegovina,BIH,2006,2.5
Bosnia and Herzegovina,BIH,2007,2.5
Bosnia and Herzegovina,BIH,2008,2.5
Bosnia and Herzegovina,BIH,2009,2.5
Bosnia and Herzegovina,BIH,2010,2.5
Bosnia and Herzegovina,BIH,2011,2.5
Bosnia and Herzegovina,BIH,2012,2.5
Bosnia and Herzegovina,BIH,2013,2.5
Bosnia and Herzegovina,BIH,2014,2.5
Bosnia and Herzegovina,BIH,2015,2.5
Bosnia and Herzegovina,BIH,2016,2.5
Bosnia and Herzegovina,BIH,2017,2.5
Bosnia and Herzegovina,BIH,2018,2.5
Bosnia and Herzegovina,BIH,2019,2.5
Bosnia and Herzegovina,BIH,2020,2.5
Botswana,BWA,2001,23.7
Botswana,BWA,2002,24.1
Botswana,BWA,2003,24.5
Botswana,BWA,2004,23.7
Botswana,BWA,2005,22.6
Botswana,BWA,2006,22.3
Botswana,BWA,2007,22.2
Botswana,BWA,2008,22
Botswana,BWA,2009,21.9
Botswana,BWA,2010,21.5
Botswana,BWA,2011,21
Botswana,BWA,2012,20.3
Botswana,BWA,2013,19.7
Botswana,BWA,2014,19.3
Botswana,BWA,2015,19.6
Botswana,BWA,2016,20.1
Botswana,BWA,2017,21.3
Botswana,BWA,2018,21.5
Botswana,BWA,2019,22.1
Botswana,BWA,2020,21.9
Brazil,BRA,2001,10.7
Brazil,BRA,2002,9.3
Brazil,BRA,2003,7.9
Brazil,BRA,2004,6.8
Brazil,BRA,2005,6.5
Brazil,BRA,2006,6.2
Brazil,BRA,2007,5.6
Brazil,BRA,2008,5.1
Brazil,BRA,2009,4.3
Brazil,BRA,2010,3.7
Brazil,BRA,2011,3.2
Brazil,BRA,2012,3
Brazil,BRA,2013,2.8
Brazil,BRA,2014,2.5
Brazil,BRA,2015,2.5
Brazil,BRA,2016,2.5
Brazil,BRA,2017,2.5
Brazil,BRA,2018,2.5
Brazil,BRA,2019,2.6
Brazil,BRA,2020,4.1
Brunei,BRN,2001,20
Brunei,BRN,2002,19.3
Brunei,BRN,2003,18.3
Brunei,BRN,2004,17.7
Brunei,BRN,2005,17
Brunei,BRN,2006,16.2
Brunei,BRN,2007,15.2
Brunei,BRN,2008,14.2
Brunei,BRN,2009,12.8
Brunei,BRN,2010,11.4
Brunei,BRN,2011,10
Brunei,BRN,2012,9.2
Brunei,BRN,2013,8.4
Brunei,BRN,2014,8
Brunei,BRN,2015,7.4
Brunei,BRN,2016,6.8
Brunei,BRN,2017,6.2
Brunei,BRN,2018,5.8
Brunei,BRN,2019,5.8
Brunei,BRN,2020,5.9
Bulgaria,BGR,2001,4
Bulgaria,BGR,2002,4.2
Bulgaria,BGR,2003,4.5
Bulgaria,BGR,2004,4.9
Bulgaria,BGR,2005,4.9
Bulgaria,BGR,2006,5.1
Bulgaria,BGR,2007,4.6
Bulgaria,BGR,2008,4.5
Bulgaria,BGR,2009,4.1
Bulgaria,BGR,2010,4
Bulgaria,BGR,2011,4
Bulgaria,BGR,2012,3.7
Bulgaria,BGR,2013,3.2
Bulgaria,BGR,2014,3.3
Bulgaria,BGR,2015,3.4
Bulgaria,BGR,2016,3.5
Bulgaria,BGR,2017,3
Bulgaria,BGR,2018,2.8
Bulgaria,BGR,2019,3
Bulgaria,BGR,2020,3
Burkina Faso,BFA,2001,22.6
Burkina Faso,BFA,2002,20.5
Burkina Faso,BFA,2003,18.6
Burkina Faso,BFA,2004,18.1
Burkina Faso,BFA,2005,17.5
Burkina Faso,BFA,2006,17.1
Burkina Faso,BFA,2007,16
Burkina Faso,BFA,2008,15.4
Burkina Faso,BFA,2009,14.1
Burkina Faso,BFA,2010,13.3
Burkina Faso,BFA,2011,12.6
Burkina Faso,BFA,2012,12.2
Burkina Faso,BFA,2013,11.8
Burkina Faso,BFA,2014,11.8
Burkina Faso,BFA,2015,12
Burkina Faso,BFA,2016,12.3
Burkina Faso,BFA,2017,12.4
Burkina Faso,BFA,2018,12.7
Burkina Faso,BFA,2019,14.1
Burkina Faso,BFA,2020,18
Cambodia,KHM,2001,23.6
Cambodia,KHM,2002,21.2
Cambodia,KHM,2003,19.4
Cambodia,KHM,2004,18.5
Cambodia,KHM,2005,17
Cambodia,KHM,2006,15.6
Cambodia,KHM,2007,14.8
Cambodia,KHM,2008,14.5
Cambodia,KHM,2009,13
Cambodia,KHM,2010,11.2
Cambodia,KHM,2011,9.7
Cambodia,KHM,2012,9.5
Cambodia,KHM,2013,9.4
Cambodia,KHM,2014,9.2
Cambodia,KHM,2015,8.9
Cambodia,KHM,2016,8.5
Cambodia,KHM,2017,7.7
Cambodia,KHM,2018,6.6
Cambodia,KHM,2019,6
Cambodia,KHM,2020,6.3
Cameroon,CMR,2001,22.9
Cameroon,CMR,2002,20.7
Cameroon,CMR,2003,19.3
Cameroon,CMR,2004,17.6
Cameroon,CMR,2005,15.9
Cameroon,CMR,2006,14.1
Cameroon,CMR,2007,12.6
Cameroon,CMR,2008,11.2
Cameroon,CMR,2009,8.8
Cameroon,CMR,2010,7.1
Cameroon,CMR,2011,5.6
Cameroon,CMR,2012,5.2
Cameroon,CMR,2013,5.2
Cameroon,CMR,2014,5.3
Cameroon,CMR,2015,5.4
Cameroon,CMR,2016,5.9
Cameroon,CMR,2017,6.6
Cameroon,CMR,2018,6.9
Cameroon,CMR,2019,6.7
Cameroon,CMR,2020,6.7
Canada,CAN,2001,2.5
Canada,CAN,2002,2.5
Canada,CAN,2003,2.5
Canada,CAN,2004,2.5
Canada,CAN,2005,2.5
Canada,CAN,2006,2.5
Canada,CAN,2007,2.5
Canada,CAN,2008,2.5
Canada,CAN,2009,2.5
Canada,CAN,2010,2.5
Canada,CAN,2011,2.5
Canada,CAN,2012,2.5
Canada,CAN,2013,2.5
Canada,CAN,2014,2.5
Canada,CAN,2015,2.5
Canada,CAN,2016,2.5
Canada,CAN,2017,2.5
Canada,CAN,2018,2.5
Canada,CAN,2019,2.5
Canada,CAN,2020,2.5
Cape Verde,CPV,2001,14.5
Cape Verde,CPV,2002,14.4
Cape Verde,CPV,2003,13.1
Cape Verde,CPV,2004,11.3
Cape Verde,CPV,2005,11
Cape Verde,CPV,2006,11.4
Cape Verde,CPV,2007,12.3
Cape Verde,CPV,2008,13.1
Cape Verde,CPV,2009,14.1
Cape Verde,CPV,2010,14.2
Cape Verde,CPV,2011,14.1
Cape Verde,CPV,2012,14.3
Cape Verde,CPV,2013,15.1
Cape Verde,CPV,2014,16.2
Cape Verde,CPV,2015,16.8
Cape Verde,CPV,2016,17
Cape Verde,CPV,2017,16.2
Cape Verde,CPV,2018,15.4
Cape Verde,CPV,2019,14.5
Cape Verde,CPV,2020,17.7
Central African Republic,CAF,2001,39.2
Central African Republic,CAF,2002,40.1
Central African Republic,CAF,2003,40.6
Central African Republic,CAF,2004,40.5
Central African Republic,CAF,2005,39.6
Central African Republic,CAF,2006,37.7
Central African Republic,CAF,2007,35.7
Central African Republic,CAF,2008,33.3
Central African Republic,CAF,2009,31.9
Central African Republic,CAF,2010,30.3
Central African Republic,CAF,2011,29.6
Central African Republic,CAF,2012,33
Central African Republic,CAF,2013,40.2
Central African Republic,CAF,2014,47.9
Central African Republic,CAF,2015,49.9
Central African Republic,CAF,2016,48.6
Central African Republic,CAF,2017,46.1
Central African Republic,CAF,2018,46.8
Central African Republic,CAF,2019,49.2
Central African Republic,CAF,2020,52.2
Chad,TCD,2001,38.8
Chad,TCD,2002,37.6
Chad,TCD,2003,38
Chad,TCD,2004,37.1
Chad,TCD,2005,37.8
Chad,TCD,2006,38.4
Chad,TCD,2007,39.2
Chad,TCD,2008,40.1
Chad,TCD,2009,35.7
Chad,TCD,2010,31.4
Chad,TCD,2011,26
Chad,TCD,2012,25.4
Chad,TCD,2013,25.6
Chad,TCD,2014,27
Chad,TCD,2015,28
Chad,TCD,2016,28.5
Chad,TCD,2017,29.1
Chad,TCD,2018,30.3
Chad,TCD,2019,31.7
Chad,TCD,2020,32.7
Chile,CHL,2001,3.4
Chile,CHL,2002,3.2
Chile,CHL,2003,3.2
Chile,CHL,2004,3.2
Chile,CHL,2005,3.1
Chile,CHL,2006,3.1
Chile,CHL,2007,3.1
Chile,CHL,2008,3.4
Chile,CHL,2009,3.5
Chile,CHL,2010,3.4
Chile,CHL,2011,3.3
Chile,CHL,2012,3.1
Chile,CHL,2013,3.1
Chile,CHL,2014,3
Chile,CHL,2015,3.1
Chile,CHL,2016,3.1
Chile,CHL,2017,2.9
Chile,CHL,2018,2.7
Chile,CHL,2019,2.6
Chile,CHL,2020,2.6
China,CHN,2001,10
China,CHN,2002,9.4
China,CHN,2003,8.6
China,CHN,2004,7.9
China,CHN,2005,7
China,CHN,2006,6.1
China,CHN,2007,5
China,CHN,2008,4
China,CHN,2009,2.8
China,CHN,2010,2.5
China,CHN,2011,2.5
China,CHN,2012,2.5
China,CHN,2013,2.5
China,CHN,2014,2.5
China,CHN,2015,2.5
China,CHN,2016,2.5
China,CHN,2017,2.5
China,CHN,2018,2.5
China,CHN,2019,2.5
China,CHN,2020,2.5
Colombia,COL,2001,8.7
Colombia,COL,2002,9.1
Colombia,COL,2003,9.8
Colombia,COL,2004,10.6
Colombia,COL,2005,11.2
Colombia,COL,2006,11.4
Colombia,COL,2007,11
Colombia,COL,2008,11.3
Colombia,COL,2009,12.1
Colombia,COL,2010,12.9
Colombia,COL,2011,12.3
Colombia,COL,2012,10.7
Colombia,COL,2013,8.9
Colombia,COL,2014,7.5
Colombia,COL,2015,6.5
Colombia,COL,2016,6
Colombia,COL,2017,5.9
Colombia,COL,2018,6.2
Colombia,COL,2019,7.2
Colombia,COL,2020,8.2
Congo,COG,2001,27
Congo,COG,2002,26.4
Congo,COG,2003,26.4
Congo,COG,2004,31.7
Congo,COG,2005,34
Congo,COG,2006,36.6
Congo,COG,2007,35.4
Congo,COG,2008,35.5
Congo,COG,2009,36
Congo,COG,2010,36.5
Congo,COG,2011,35.9
Congo,COG,2012,32.9
Congo,COG,2013,28.2
Congo,COG,2014,25.3
Congo,COG,2015,25.2
Congo,COG,2016,26.4
Congo,COG,2017,28.3
Congo,COG,2018,29.3
Congo,COG,2019,29.9
Congo,COG,2020,31.6
Costa Rica,CRI,2001,4.7
Costa Rica,CRI,2002,5
Costa Rica,CRI,2003,5.2
Costa Rica,CRI,2004,5
Costa Rica,CRI,2005,4.4
Costa Rica,CRI,2006,3.9
Costa Rica,CRI,2007,3.8
Costa Rica,CRI,2008,3.9
Costa Rica,CRI,2009,4.3
Costa Rica,CRI,2010,4.6
Costa Rica,CRI,2011,5
Costa Rica,CRI,2012,5
Costa Rica,CRI,2013,4.9
Costa Rica,CRI,2014,4.7
Costa Rica,CRI,2015,4.1
Costa Rica,CRI,2016,3.6
Costa Rica,CRI,2017,3.2
Costa Rica,CRI,2018,3.2
Costa Rica,CRI,2019,3.4
Costa Rica,CRI,2020,3.4
Cote d'Ivoire,CIV,2001,20.4
Cote d'Ivoire,CIV,2002,21
Cote d'Ivoire,CIV,2003,20.6
Cote d'Ivoire,CIV,2004,19.3
Cote d'Ivoire,CIV,2005,18.3
Cote d'Ivoire,CIV,2006,17.6
Cote d'Ivoire,CIV,2007,17.9
Cote d'Ivoire,CIV,2008,18.2
Cote d'Ivoire,CIV,2009,16.3
Cote d'Ivoire,CIV,2010,13.6
Cote d'Ivoire,CIV,2011,10.9
Cote d'Ivoire,CIV,2012,10
Cote d'Ivoire,CIV,2013,9.9
Cote d'Ivoire,CIV,2014,9.2
Cote d'Ivoire,CIV,2015,8.3
Cote d'Ivoire,CIV,2016,6.9
Cote d'Ivoire,CIV,2017,6
Cote d'Ivoire,CIV,2018,5.2
Cote d'Ivoire,CIV,2019,4.7
Cote d'Ivoire,CIV,2020,4.4
Croatia,HRV,2001,6.8
Croatia,HRV,2002,4.6
Croatia,HRV,2003,3.7
Croatia,HRV,2004,3.1
Croatia,HRV,2005,2.5
Croatia,HRV,2006,2.5
Croatia,HRV,2007,2.5
Croatia,HRV,2008,2.5
Croatia,HRV,2009,2.5
Croatia,HRV,2010,2.5
Croatia,HRV,2011,2.5
Croatia,HRV,2012,2.5
Croatia,HRV,2013,2.5
Croatia,HRV,2014,2.5
Croatia,HRV,2015,2.5
Croatia,HRV,2016,2.5
Croatia,HRV,2017,2.5
Croatia,HRV,2018,2.5
Croatia,HRV,2019,2.5
Croatia,HRV,2020,2.5
Cuba,CUB,2001,2.5
Cuba,CUB,2002,2.5
Cuba,CUB,2003,2.5
Cuba,CUB,2004,2.5
Cuba,CUB,2005,2.5
Cuba,CUB,2006,2.5
Cuba,CUB,2007,2.5
Cuba,CUB,2008,2.5
Cuba,CUB,2009,2.5
Cuba,CUB,2010,2.5
Cuba,CUB,2011,2.5
Cuba,CUB,2012,2.5
Cuba,CUB,2013,2.5
Cuba,CUB,2014,2.5
Cuba,CUB,2015,2.5
Cuba,CUB,2016,2.5
Cuba,CUB,2017,2.5
Cuba,CUB,2018,2.5
Cuba,CUB,2019,2.5
Cuba,CUB,2020,2.5
Cyprus,CYP,2001,5.1
Cyprus,CYP,2002,5.7
Cyprus,CYP,2003,6.1
Cyprus,CYP,2004,6.9
Cyprus,CYP,2005,7.6
Cyprus,CYP,2006,7.5
Cyprus,CYP,2007,6.9
Cyprus,CYP,2008,6.4
Cyprus,CYP,2009,4.7
Cyprus,CYP,2010,3
Cyprus,CYP,2011,2.5
Cyprus,CYP,2012,2.5
Cyprus,CYP,2013,2.5
Cyprus,CYP,2014,2.5
Cyprus,CYP,2015,2.5
Cyprus,CYP,2016,2.5
Cyprus,CYP,2017,2.5
Cyprus,CYP,2018,2.5
Cyprus,CYP,2019,2.5
Cyprus,CYP,2020,2.5
Czechia,CZE,2001,2.5
Czechia,CZE,2002,2.5
Czechia,CZE,2003,2.5
Czechia,CZE,2004,2.5
Czechia,CZE,2005,2.5
Czechia,CZE,2006,2.5
Czechia,CZE,2007,2.5
Czechia,CZE,2008,2.5
Czechia,CZE,2009,2.5
Czechia,CZE,2010,2.5
Czechia,CZE,2011,2.5
Czechia,CZE,2012,2.5
Czechia,CZE,2013,2.5
Czechia,CZE,2014,2.5
Czechia,CZE,2015,2.5
Czechia,CZE,2016,2.5
Czechia,CZE,2017,2.5
Czechia,CZE,2018,2.5
Czechia,CZE,2019,2.5
Czechia,CZE,2020,2.5
Democratic Republic of Congo,COD,2001,32.2
Democratic Republic of Congo,COD,2002,33.7
Democratic Republic of Congo,COD,2003,34.5
Democratic Republic of Congo,COD,2004,34.7
Democratic Republic of Congo,COD,2005,34.6
Democratic Republic of Congo,COD,2006,34.6
Democratic Republic of Congo,COD,2007,34.5
Democratic Republic of Congo,COD,2008,34.5
Democratic Republic of Congo,COD,2009,34.5
Democratic Republic of Congo,COD,2010,34.2
Democratic Republic of Congo,COD,2011,34.5
Democratic Republic of Congo,COD,2012,35.1
Democratic Republic of Congo,COD,2013,35.1
Democratic Republic of Congo,COD,2014,35.1
Democratic Republic of Congo,COD,2015,35.5
Democratic Republic of Congo,COD,2016,36
Democratic Republic of Congo,COD,2017,36.4
Democratic Republic of Congo,COD,2018,36.3
Democratic Republic of Congo,COD,2019,37.7
Democratic Republic of Congo,COD,2020,39.8
Denmark,DNK,2001,2.5
Denmark,DNK,2002,2.5
Denmark,DNK,2003,2.5
Denmark,DNK,2004,2.5
Denmark,DNK,2005,2.5
Denmark,DNK,2006,2.5
Denmark,DNK,2007,2.5
Denmark,DNK,2008,2.5
Denmark,DNK,2009,2.5
Denmark,DNK,2010,2.5
Denmark,DNK,2011,2.5
Denmark,DNK,2012,2.5
Denmark,DNK,2013,2.5
Denmark,DNK,2014,2.5
Denmark,DNK,2015,2.5
Denmark,DNK,2016,2.5
Denmark,DNK,2017,2.5
Denmark,DNK,2018,2.5
Denmark,DNK,2019,2.5
Denmark,DNK,2020,2.5
Djibouti,DJI,2001,42
Djibouti,DJI,2002,40.8
Djibouti,DJI,2003,38.2
Djibouti,DJI,2004,34.7
Djibouti,DJI,2005,31.3
Djibouti,DJI,2006,27.3
Djibouti,DJI,2007,25.1
Djibouti,DJI,2008,23.4
Djibouti,DJI,2009,23.1
Djibouti,DJI,2010,22.4
Djibouti,DJI,2011,21.3
Djibouti,DJI,2012,19.8
Djibouti,DJI,2013,17.8
Djibouti,DJI,2014,15.7
Djibouti,DJI,2015,14.2
Djibouti,DJI,2016,13.6
Djibouti,DJI,2017,13.5
Djibouti,DJI,2018,13.1
Djibouti,DJI,2019,13.1
Djibouti,DJI,2020,13.5
Dominica,DMA,2001,3.7
Dominica,DMA,2002,4.1
Dominica,DMA,2003,4.7
Dominica,DMA,2004,5
Dominica,DMA,2005,5.4
Dominica,DMA,2006,5
Dominica,DMA,2007,4.6
Dominica,DMA,2008,4.1
Dominica,DMA,2009,4.5
Dominica,DMA,2010,4.8
Dominica,DMA,2011,5.2
Dominica,DMA,2012,5.4
Dominica,DMA,2013,5.5
Dominica,DMA,2014,5.3
Dominica,DMA,2015,5.3
Dominica,DMA,2016,5.4
Dominica,DMA,2017,5.7
Dominica,DMA,2018,5.7
Dominica,DMA,2019,6.5
Dominica,DMA,2020,6.9
Dominican Republic,DOM,2001,20.4
Dominican Republic,DOM,2002,22.6
Dominican Republic,DOM,2003,23.6
Dominican Republic,DOM,2004,23
Dominican Republic,DOM,2005,19.2
Dominican Republic,DOM,2006,16.4
Dominican Republic,DOM,2007,16.2
Dominican Republic,DOM,2008,16
Dominican Republic,DOM,2009,15.2
Dominican Republic,DOM,2010,13
Dominican Republic,DOM,2011,11.1
Dominican Republic,DOM,2012,9.8
Dominican Republic,DOM,2013,8.8
Dominican Republic,DOM,2014,8.2
Dominican Republic,DOM,2015,7.4
Dominican Republic,DOM,2016,6.8
Dominican Republic,DOM,2017,6.2
Dominican Republic,DOM,2018,6.1
Dominican Republic,DOM,2019,7
Dominican Republic,DOM,2020,6.7
East Asia and Pacific (WB),,2001,12.232255
East Asia and Pacific (WB),,2002,11.667609
East Asia and Pacific (WB),,2003,10.8977165
East Asia and Pacific (WB),,2004,10.336394
East Asia and Pacific (WB),,2005,9.6182995
East Asia and Pacific (WB),,2006,8.893446
East Asia and Pacific (WB),,2007,7.9927716
East Asia and Pacific (WB),,2008,7.132361
East Asia and Pacific (WB),,2009,6.030816
East Asia and Pacific (WB),,2010,5.489517
East Asia and Pacific (WB),,2011,5.0811787
East Asia and Pacific (WB),,2012,4.8661437
East Asia and Pacific (WB),,2013,4.659858
East Asia and Pacific (WB),,2014,4.5739126
East Asia and Pacific (WB),,2015,4.406318
East Asia and Pacific (WB),,2016,4.258358
East Asia and Pacific (WB),,2017,4.0997653
East Asia and Pacific (WB),,2018,3.9996574
East Asia and Pacific (WB),,2019,3.9959447
East Asia and Pacific (WB),,2020,4.0447993
East Timor,TLS,2001,41.5
East Timor,TLS,2002,36.5
East Timor,TLS,2003,33.1
East Timor,TLS,2004,32.5
East Timor,TLS,2005,32.2
East Timor,TLS,2006,31.9
East Timor,TLS,2007,31.7
East Timor,TLS,2008,32.4
East Timor,TLS,2009,31.8
East Timor,TLS,2010,31.2
East Timor,TLS,2011,29.3
East Timor,TLS,2012,28.3
East Timor,TLS,2013,26.7
East Timor,TLS,2014,25.3
East Timor,TLS,2015,24.5
East Timor,TLS,2016,24.2
East Timor,TLS,2017,24.6
East Timor,TLS,2018,25.1
East Timor,TLS,2019,25
East Timor,TLS,2020,26.2
Ecuador,ECU,2001,21
Ecuador,ECU,2002,22.7
Ecuador,ECU,2003,22.7
Ecuador,ECU,2004,22.7
Ecuador,ECU,2005,22.4
Ecuador,ECU,2006,22.8
Ecuador,ECU,2007,22.1
Ecuador,ECU,2008,21.3
Ecuador,ECU,2009,16
Ecuador,ECU,2010,12.3
Ecuador,ECU,2011,8.4
Ecuador,ECU,2012,8.8
Ecuador,ECU,2013,8.8
Ecuador,ECU,2014,8.7
Ecuador,ECU,2015,9
Ecuador,ECU,2016,9.7
Ecuador,ECU,2017,10.7
Ecuador,ECU,2018,11.6
Ecuador,ECU,2019,13.7
Ecuador,ECU,2020,15.4
Egypt,EGY,2001,5.2
Egypt,EGY,2002,5.4
Egypt,EGY,2003,6
Egypt,EGY,2004,6.4
Egypt,EGY,2005,6.4
Egypt,EGY,2006,6
Egypt,EGY,2007,5.7
Egypt,EGY,2008,5.6
Egypt,EGY,2009,4.9
Egypt,EGY,2010,4.5
Egypt,EGY,2011,3.8
Egypt,EGY,2012,4
Egypt,EGY,2013,4.1
Egypt,EGY,2014,4.2
Egypt,EGY,2015,4.4
Egypt,EGY,2016,4.6
Egypt,EGY,2017,4.9
Egypt,EGY,2018,4.9
Egypt,EGY,2019,5
Egypt,EGY,2020,5.1
El Salvador,SLV,2001,7.2
El Salvador,SLV,2002,7.1
El Salvador,SLV,2003,7.9
El Salvador,SLV,2004,8.7
El Salvador,SLV,2005,9.1
El Salvador,SLV,2006,9.4
El Salvador,SLV,2007,9.7
El Salvador,SLV,2008,9.9
El Salvador,SLV,2009,10.2
El Salvador,SLV,2010,10.5
El Salvador,SLV,2011,10.7
El Salvador,SLV,2012,10.7
El Salvador,SLV,2013,10.7
El Salvador,SLV,2014,10.8
El Salvador,SLV,2015,10.6
El Salvador,SLV,2016,9.9
El Salvador,SLV,2017,9.2
El Salvador,SLV,2018,8.4
El Salvador,SLV,2019,8.3
El Salvador,SLV,2020,7.7
Estonia,EST,2001,3.6
Estonia,EST,2002,3.5
Estonia,EST,2003,3.3
Estonia,EST,2004,2.9
Estonia,EST,2005,2.5
Estonia,EST,2006,2.5
Estonia,EST,2007,2.5
Estonia,EST,2008,2.5
Estonia,EST,2009,2.5
Estonia,EST,2010,2.5
Estonia,EST,2011,2.5
Estonia,EST,2012,2.5
Estonia,EST,2013,2.5
Estonia,EST,2014,2.5
Estonia,EST,2015,2.5
Estonia,EST,2016,2.5
Estonia,EST,2017,2.5
Estonia,EST,2018,2.5
Estonia,EST,2019,2.5
Estonia,EST,2020,2.5
Eswatini,SWZ,2001,10.5
Eswatini,SWZ,2002,9.7
Eswatini,SWZ,2003,8.3
Eswatini,SWZ,2004,8.4
Eswatini,SWZ,2005,9.2
Eswatini,SWZ,2006,10.2
Eswatini,SWZ,2007,10.7
Eswatini,SWZ,2008,10.9
Eswatini,SWZ,2009,15
Eswatini,SWZ,2010,17.6
Eswatini,SWZ,2011,19.3
Eswatini,SWZ,2012,16.2
Eswatini,SWZ,2013,13.8
Eswatini,SWZ,2014,12.7
Eswatini,SWZ,2015,12.8
Eswatini,SWZ,2016,13
Eswatini,SWZ,2017,12.4
Eswatini,SWZ,2018,11.8
Eswatini,SWZ,2019,11.1
Eswatini,SWZ,2020,11
Ethiopia,ETH,2001,47
Ethiopia,ETH,2002,44.2
Ethiopia,ETH,2003,42.6
Ethiopia,ETH,2004,39
Ethiopia,ETH,2005,37.1
Ethiopia,ETH,2006,35.6
Ethiopia,ETH,2007,35
Ethiopia,ETH,2008,33.5
Ethiopia,ETH,2009,28.5
Ethiopia,ETH,2010,24.7
Ethiopia,ETH,2011,20.9
Ethiopia,ETH,2012,19.4
Ethiopia,ETH,2013,17.7
Ethiopia,ETH,2014,15.9
Ethiopia,ETH,2015,14.8
Ethiopia,ETH,2016,14.4
Ethiopia,ETH,2017,15.7
Ethiopia,ETH,2018,18.2
Ethiopia,ETH,2019,21.9
Ethiopia,ETH,2020,24.9
Europe and Central Asia (WB),,2001,3.7546644
Europe and Central Asia (WB),,2002,3.5790055
Europe and Central Asia (WB),,2003,3.4247997
Europe and Central Asia (WB),,2004,3.2607296
Europe and Central Asia (WB),,2005,3.1419594
Europe and Central Asia (WB),,2006,3.0336804
Europe and Central Asia (WB),,2007,2.9629958
Europe and Central Asia (WB),,2008,2.9226997
Europe and Central Asia (WB),,2009,2.8164897
Europe and Central Asia (WB),,2010,2.7121458
Europe and Central Asia (WB),,2011,2.6124506
Europe and Central Asia (WB),,2012,2.6011827
Europe and Central Asia (WB),,2013,2.5968635
Europe and Central Asia (WB),,2014,2.6007779
Europe and Central Asia (WB),,2015,2.6049094
Europe and Central Asia (WB),,2016,2.6031568
Europe and Central Asia (WB),,2017,2.5881586
Europe and Central Asia (WB),,2018,2.577513
Europe and Central Asia (WB),,2019,2.5818129
Europe and Central Asia (WB),,2020,2.5896142
European Union (27),,2001,2.6367953
European Union (27),,2002,2.6133769
European Union (27),,2003,2.603844
European Union (27),,2004,2.6010437
European Union (27),,2005,2.591343
European Union (27),,2006,2.5954118
European Union (27),,2007,2.5824583
European Union (27),,2008,2.573099
European Union (27),,2009,2.5594313
European Union (27),,2010,2.5569282
European Union (27),,2011,2.5654244
European Union (27),,2012,2.5578372
European Union (27),,2013,2.5469708
European Union (27),,2014,2.5533378
European Union (27),,2015,2.5547917
European Union (27),,2016,2.5537877
European Union (27),,2017,2.5310893
European Union (27),,2018,2.521774
European Union (27),,2019,2.5224264
European Union (27),,2020,2.5235953
Fiji,FJI,2001,4
Fiji,FJI,2002,3.8
Fiji,FJI,2003,3.9
Fiji,FJI,2004,3.8
Fiji,FJI,2005,3.7
Fiji,FJI,2006,3.7
Fiji,FJI,2007,3.7
Fiji,FJI,2008,3.9
Fiji,FJI,2009,4.8
Fiji,FJI,2010,5.6
Fiji,FJI,2011,6.6
Fiji,FJI,2012,6.5
Fiji,FJI,2013,6.7
Fiji,FJI,2014,6.3
Fiji,FJI,2015,6.5
Fiji,FJI,2016,6.3
Fiji,FJI,2017,6.2
Fiji,FJI,2018,5.5
Fiji,FJI,2019,4.9
Fiji,FJI,2020,5.7
Finland,FIN,2001,2.5
Finland,FIN,2002,2.5
Finland,FIN,2003,2.5
Finland,FIN,2004,2.5
Finland,FIN,2005,2.5
Finland,FIN,2006,2.5
Finland,FIN,2007,2.5
Finland,FIN,2008,2.5
Finland,FIN,2009,2.5
Finland,FIN,2010,2.5
Finland,FIN,2011,2.5
Finland,FIN,2012,2.5
Finland,FIN,2013,2.5
Finland,FIN,2014,2.5
Finland,FIN,2015,2.5
Finland,FIN,2016,2.5
Finland,FIN,2017,2.5
Finland,FIN,2018,2.5
Finland,FIN,2019,2.5
Finland,FIN,2020,2.5
France,FRA,2001,2.5
France,FRA,2002,2.5
France,FRA,2003,2.5
France,FRA,2004,2.5
France,FRA,2005,2.5
France,FRA,2006,2.5
France,FRA,2007,2.5
France,FRA,2008,2.5
France,FRA,2009,2.5
France,FRA,2010,2.5
France,FRA,2011,2.5
France,FRA,2012,2.5
France,FRA,2013,2.5
France,FRA,2014,2.5
France,FRA,2015,2.5
France,FRA,2016,2.5
France,FRA,2017,2.5
France,FRA,2018,2.5
France,FRA,2019,2.5
France,FRA,2020,2.5
French Polynesia,PYF,2001,4.2
French Polynesia,PYF,2002,4.1
French Polynesia,PYF,2003,3.9
French Polynesia,PYF,2004,3.9
French Polynesia,PYF,2005,3.8
French Polynesia,PYF,2006,3.8
French Polynesia,PYF,2007,3.8
French Polynesia,PYF,2008,3.7
French Polynesia,PYF,2009,3.6
French Polynesia,PYF,2010,3.5
French Polynesia,PYF,2011,3.6
French Polynesia,PYF,2012,3.6
French Polynesia,PYF,2013,3.6
French Polynesia,PYF,2014,3.5
French Polynesia,PYF,2015,3.6
French Polynesia,PYF,2016,3.8
French Polynesia,PYF,2017,4
French Polynesia,PYF,2018,4.1
French Polynesia,PYF,2019,4.1
French Polynesia,PYF,2020,4
Gabon,GAB,2001,10.7
Gabon,GAB,2002,12.1
Gabon,GAB,2003,13.3
Gabon,GAB,2004,13.9
Gabon,GAB,2005,14.3
Gabon,GAB,2006,14.8
Gabon,GAB,2007,15.9
Gabon,GAB,2008,16.8
Gabon,GAB,2009,16.3
Gabon,GAB,2010,14.7
Gabon,GAB,2011,13.1
Gabon,GAB,2012,12.8
Gabon,GAB,2013,12.9
Gabon,GAB,2014,13.3
Gabon,GAB,2015,13.9
Gabon,GAB,2016,15.1
Gabon,GAB,2017,16.1
Gabon,GAB,2018,17
Gabon,GAB,2019,16.6
Gabon,GAB,2020,17.2
Gambia,GMB,2001,17.8
Gambia,GMB,2002,19.6
Gambia,GMB,2003,20.5
Gambia,GMB,2004,20.7
Gambia,GMB,2005,21.7
Gambia,GMB,2006,20.7
Gambia,GMB,2007,18.7
Gambia,GMB,2008,15.8
Gambia,GMB,2009,12.8
Gambia,GMB,2010,10.4
Gambia,GMB,2011,8.7
Gambia,GMB,2012,9.1
Gambia,GMB,2013,9.8
Gambia,GMB,2014,10.5
Gambia,GMB,2015,11
Gambia,GMB,2016,11.6
Gambia,GMB,2017,12.2
Gambia,GMB,2018,13.1
Gambia,GMB,2019,18
Gambia,GMB,2020,21.6
Georgia,GEO,2001,7.7
Georgia,GEO,2002,5.9
Georgia,GEO,2003,4.8
Georgia,GEO,2004,4.1
Georgia,GEO,2005,4.1
Georgia,GEO,2006,4
Georgia,GEO,2007,4
Georgia,GEO,2008,3.6
Georgia,GEO,2009,5
Georgia,GEO,2010,6.7
Georgia,GEO,2011,8.2
Georgia,GEO,2012,7.8
Georgia,GEO,2013,7.9
Georgia,GEO,2014,7.9
Georgia,GEO,2015,8.1
Georgia,GEO,2016,8.3
Georgia,GEO,2017,8.1
Georgia,GEO,2018,7.8
Georgia,GEO,2019,7.8
Georgia,GEO,2020,7.6
Germany,DEU,2001,2.5
Germany,DEU,2002,2.5
Germany,DEU,2003,2.5
Germany,DEU,2004,2.5
Germany,DEU,2005,2.5
Germany,DEU,2006,2.5
Germany,DEU,2007,2.5
Germany,DEU,2008,2.5
Germany,DEU,2009,2.5
Germany,DEU,2010,2.5
Germany,DEU,2011,2.5
Germany,DEU,2012,2.5
Germany,DEU,2013,2.5
Germany,DEU,2014,2.5
Germany,DEU,2015,2.5
Germany,DEU,2016,2.5
Germany,DEU,2017,2.5
Germany,DEU,2018,2.5
Germany,DEU,2019,2.5
Germany,DEU,2020,2.5
Ghana,GHA,2001,14.9
Ghana,GHA,2002,13.5
Ghana,GHA,2003,12.6
Ghana,GHA,2004,12.2
Ghana,GHA,2005,11.2
Ghana,GHA,2006,10.6
Ghana,GHA,2007,9.4
Ghana,GHA,2008,8.2
Ghana,GHA,2009,6.6
Ghana,GHA,2010,6.1
Ghana,GHA,2011,6.1
Ghana,GHA,2012,6.4
Ghana,GHA,2013,6.6
Ghana,GHA,2014,7.1
Ghana,GHA,2015,7.7
Ghana,GHA,2016,7.7
Ghana,GHA,2017,7.1
Ghana,GHA,2018,6.2
Ghana,GHA,2019,5.2
Ghana,GHA,2020,4.1
Greece,GRC,2001,2.5
Greece,GRC,2002,2.5
Greece,GRC,2003,2.5
Greece,GRC,2004,2.5
Greece,GRC,2005,2.5
Greece,GRC,2006,2.5
Greece,GRC,2007,2.5
Greece,GRC,2008,2.5
Greece,GRC,2009,2.5
Greece,GRC,2010,2.5
Greece,GRC,2011,2.5
Greece,GRC,2012,2.5
Greece,GRC,2013,2.5
Greece,GRC,2014,2.5
Greece,GRC,2015,2.5
Greece,GRC,2016,2.5
Greece,GRC,2017,2.5
Greece,GRC,2018,2.5
Greece,GRC,2019,2.5
Greece,GRC,2020,2.5
Guatemala,GTM,2001,22.2
Guatemala,GTM,2002,19.9
Guatemala,GTM,2003,18.9
Guatemala,GTM,2004,19.1
Guatemala,GTM,2005,18.9
Guatemala,GTM,2006,17.8
Guatemala,GTM,2007,18.2
Guatemala,GTM,2008,17.9
Guatemala,GTM,2009,17.6
Guatemala,GTM,2010,16.4
Guatemala,GTM,2011,16.3
Guatemala,GTM,2012,16.8
Guatemala,GTM,2013,17.5
Guatemala,GTM,2014,17.7
Guatemala,GTM,2015,17.3
Guatemala,GTM,2016,16.4
Guatemala,GTM,2017,16.3
Guatemala,GTM,2018,16.2
Guatemala,GTM,2019,16.3
Guatemala,GTM,2020,16
Guyana,GUY,2001,6.5
Guyana,GUY,2002,6.5
Guyana,GUY,2003,6.8
Guyana,GUY,2004,6.9
Guyana,GUY,2005,7.1
Guyana,GUY,2006,7.1
Guyana,GUY,2007,7.5
Guyana,GUY,2008,7.6
Guyana,GUY,2009,8.4
Guyana,GUY,2010,8.7
Guyana,GUY,2011,8.6
Guyana,GUY,2012,8
Guyana,GUY,2013,7.4
Guyana,GUY,2014,7
Guyana,GUY,2015,6.8
Guyana,GUY,2016,6.4
Guyana,GUY,2017,6.1
Guyana,GUY,2018,5.4
Guyana,GUY,2019,5
Guyana,GUY,2020,4.9
Haiti,HTI,2001,50.7
Haiti,HTI,2002,52.6
Haiti,HTI,2003,53
Haiti,HTI,2004,53.7
Haiti,HTI,2005,52.9
Haiti,HTI,2006,51.9
Haiti,HTI,2007,50.1
Haiti,HTI,2008,48.6
Haiti,HTI,2009,45.8
Haiti,HTI,2010,44.4
Haiti,HTI,2011,44
Haiti,HTI,2012,44.7
Haiti,HTI,2013,43.7
Haiti,HTI,2014,42.6
Haiti,HTI,2015,42.4
Haiti,HTI,2016,43.2
Haiti,HTI,2017,44.6
Haiti,HTI,2018,45.4
Haiti,HTI,2019,46.4
Haiti,HTI,2020,47.2
High-income countries,,2001,2.7198377
High-income countries,,2002,2.704161
High-income countries,,2003,2.7084424
High-income countries,,2004,2.7099962
High-income countries,,2005,2.7024846
High-income countries,,2006,2.691248
High-income countries,,2007,2.6929448
High-income countries,,2008,2.705486
High-income countries,,2009,2.71906
High-income countries,,2010,2.734493
High-income countries,,2011,2.6963563
High-income countries,,2012,2.6845536
High-income countries,,2013,2.657099
High-income countries,,2014,2.6487987
High-income countries,,2015,2.6372013
High-income countries,,2016,2.6364129
High-income countries,,2017,2.6263027
High-income countries,,2018,2.6190164
High-income countries,,2019,2.652239
High-income countries,,2020,2.6914523
Honduras,HND,2001,21.9
Honduras,HND,2002,21.2
Honduras,HND,2003,21.7
Honduras,HND,2004,22.2
Honduras,HND,2005,22.3
Honduras,HND,2006,21.8
Honduras,HND,2007,21
Honduras,HND,2008,20.8
Honduras,HND,2009,18.3
Honduras,HND,2010,15.8
Honduras,HND,2011,13.4
Honduras,HND,2012,13.4
Honduras,HND,2013,14.2
Honduras,HND,2014,14.6
Honduras,HND,2015,14.5
Honduras,HND,2016,13.8
Honduras,HND,2017,13.2
Honduras,HND,2018,13.1
Honduras,HND,2019,13.3
Honduras,HND,2020,15.3
Hong Kong,HKG,2001,2.5
Hong Kong,HKG,2002,2.5
Hong Kong,HKG,2003,2.5
Hong Kong,HKG,2004,2.5
Hong Kong,HKG,2005,2.5
Hong Kong,HKG,2006,2.5
Hong Kong,HKG,2007,2.5
Hong Kong,HKG,2008,2.5
Hong Kong,HKG,2009,2.5
Hong Kong,HKG,2010,2.5
Hong Kong,HKG,2011,2.5
Hong Kong,HKG,2012,2.5
Hong Kong,HKG,2013,2.5
Hong Kong,HKG,2014,2.5
Hong Kong,HKG,2015,2.5
Hong Kong,HKG,2016,2.5
Hong Kong,HKG,2017,2.5
Hong Kong,HKG,2018,2.5
Hong Kong,HKG,2019,2.5
Hong Kong,HKG,2020,2.5
Hungary,HUN,2001,2.5
Hungary,HUN,2002,2.5
Hungary,HUN,2003,2.5
Hungary,HUN,2004,2.5
Hungary,HUN,2005,2.5
Hungary,HUN,2006,2.5
Hungary,HUN,2007,2.5
Hungary,HUN,2008,2.5
Hungary,HUN,2009,2.5
Hungary,HUN,2010,2.5
Hungary,HUN,2011,2.5
Hungary,HUN,2012,2.5
Hungary,HUN,2013,2.5
Hungary,HUN,2014,2.5
Hungary,HUN,2015,2.5
Hungary,HUN,2016,2.5
Hungary,HUN,2017,2.5
Hungary,HUN,2018,2.5
Hungary,HUN,2019,2.5
Hungary,HUN,2020,2.5
Iceland,ISL,2001,2.5
Iceland,ISL,2002,2.5
Iceland,ISL,2003,2.5
Iceland,ISL,2004,2.5
Iceland,ISL,2005,2.5
Iceland,ISL,2006,2.5
Iceland,ISL,2007,2.5
Iceland,ISL,2008,2.5
Iceland,ISL,2009,2.5
Iceland,ISL,2010,2.5
Iceland,ISL,2011,2.5
Iceland,ISL,2012,2.5
Iceland,ISL,2013,2.5
Iceland,ISL,2014,2.5
Iceland,ISL,2015,2.5
Iceland,ISL,2016,2.5
Iceland,ISL,2017,2.5
Iceland,ISL,2018,2.5
Iceland,ISL,2019,2.5
Iceland,ISL,2020,2.5
India,IND,2001,18.4
India,IND,2002,20.1
India,IND,2003,21.5
India,IND,2004,22.1
India,IND,2005,21.6
India,IND,2006,19.6
India,IND,2007,17.5
India,IND,2008,16.6
India,IND,2009,16.3
India,IND,2010,15.9
India,IND,2011,15.4
India,IND,2012,14.9
India,IND,2013,14.9
India,IND,2014,14.8
India,IND,2015,14.5
India,IND,2016,13.9
India,IND,2017,13.2
India,IND,2018,13.3
India,IND,2019,14.6
India,IND,2020,16.3
Indonesia,IDN,2001,19.2
Indonesia,IDN,2002,19.1
Indonesia,IDN,2003,18.9
Indonesia,IDN,2004,19.1
Indonesia,IDN,2005,19.2
Indonesia,IDN,2006,19
Indonesia,IDN,2007,18.5
Indonesia,IDN,2008,17.4
Indonesia,IDN,2009,15.4
Indonesia,IDN,2010,13
Indonesia,IDN,2011,10.7
Indonesia,IDN,2012,9.3
Indonesia,IDN,2013,8.2
Indonesia,IDN,2014,7.9
Indonesia,IDN,2015,7.2
Indonesia,IDN,2016,6.6
Indonesia,IDN,2017,5.9
Indonesia,IDN,2018,5.9
Indonesia,IDN,2019,6.2
Indonesia,IDN,2020,6.5
Iran,IRN,2001,4.8
Iran,IRN,2002,5
Iran,IRN,2003,5
Iran,IRN,2004,4.9
Iran,IRN,2005,5.2
Iran,IRN,2006,5.5
Iran,IRN,2007,5.7
Iran,IRN,2008,5.4
Iran,IRN,2009,5.5
Iran,IRN,2010,6.1
Iran,IRN,2011,6.3
Iran,IRN,2012,6
Iran,IRN,2013,5.1
Iran,IRN,2014,4.9
Iran,IRN,2015,4.7
Iran,IRN,2016,4.9
Iran,IRN,2017,5.2
Iran,IRN,2018,5.2
Iran,IRN,2019,4.9
Iran,IRN,2020,4.1
Iraq,IRQ,2001,22.1
Iraq,IRQ,2002,21.4
Iraq,IRQ,2003,20.2
Iraq,IRQ,2004,19.4
Iraq,IRQ,2005,17.9
Iraq,IRQ,2006,18
Iraq,IRQ,2007,17.8
Iraq,IRQ,2008,17
Iraq,IRQ,2009,15.8
Iraq,IRQ,2010,15
Iraq,IRQ,2011,15.9
Iraq,IRQ,2012,16.6
Iraq,IRQ,2013,16.8
Iraq,IRQ,2014,17.3
Iraq,IRQ,2015,18.4
Iraq,IRQ,2016,19.1
Iraq,IRQ,2017,18.8
Iraq,IRQ,2018,18.1
Iraq,IRQ,2019,17.4
Iraq,IRQ,2020,15.9
Ireland,IRL,2001,2.5
Ireland,IRL,2002,2.5
Ireland,IRL,2003,2.5
Ireland,IRL,2004,2.5
Ireland,IRL,2005,2.5
Ireland,IRL,2006,2.5
Ireland,IRL,2007,2.5
Ireland,IRL,2008,2.5
Ireland,IRL,2009,2.5
Ireland,IRL,2010,2.5
Ireland,IRL,2011,2.5
Ireland,IRL,2012,2.5
Ireland,IRL,2013,2.5
Ireland,IRL,2014,2.5
Ireland,IRL,2015,2.5
Ireland,IRL,2016,2.5
Ireland,IRL,2017,2.5
Ireland,IRL,2018,2.5
Ireland,IRL,2019,2.5
Ireland,IRL,2020,2.5
Israel,ISR,2001,2.5
Israel,ISR,2002,2.5
Israel,ISR,2003,2.5
Israel,ISR,2004,2.5
Israel,ISR,2005,2.5
Israel,ISR,2006,2.5
Israel,ISR,2007,2.5
Israel,ISR,2008,2.5
Israel,ISR,2009,2.5
Israel,ISR,2010,2.5
Israel,ISR,2011,2.5
Israel,ISR,2012,2.5
Israel,ISR,2013,2.5
Israel,ISR,2014,2.5
Israel,ISR,2015,2.5
Israel,ISR,2016,2.5
Israel,ISR,2017,2.5
Israel,ISR,2018,2.5
Israel,ISR,2019,2.5
Israel,ISR,2020,2.5
Italy,ITA,2001,2.5
Italy,ITA,2002,2.5
Italy,ITA,2003,2.5
Italy,ITA,2004,2.5
Italy,ITA,2005,2.5
Italy,ITA,2006,2.5
Italy,ITA,2007,2.5
Italy,ITA,2008,2.5
Italy,ITA,2009,2.5
Italy,ITA,2010,2.5
Italy,ITA,2011,2.5
Italy,ITA,2012,2.5
Italy,ITA,2013,2.5
Italy,ITA,2014,2.5
Italy,ITA,2015,2.5
Italy,ITA,2016,2.5
Italy,ITA,2017,2.5
Italy,ITA,2018,2.5
Italy,ITA,2019,2.5
Italy,ITA,2020,2.5
Jamaica,JAM,2001,7.4
Jamaica,JAM,2002,6.9
Jamaica,JAM,2003,7
Jamaica,JAM,2004,7.1
Jamaica,JAM,2005,7.4
Jamaica,JAM,2006,7.7
Jamaica,JAM,2007,8.3
Jamaica,JAM,2008,9
Jamaica,JAM,2009,9.6
Jamaica,JAM,2010,9.7
Jamaica,JAM,2011,9.9
Jamaica,JAM,2012,9.7
Jamaica,JAM,2013,9.7
Jamaica,JAM,2014,9.3
Jamaica,JAM,2015,9.7
Jamaica,JAM,2016,9.3
Jamaica,JAM,2017,9
Jamaica,JAM,2018,8.1
Jamaica,JAM,2019,7.5
Jamaica,JAM,2020,6.9
Japan,JPN,2001,2.5
Japan,JPN,2002,2.5
Japan,JPN,2003,2.5
Japan,JPN,2004,2.5
Japan,JPN,2005,2.5
Japan,JPN,2006,2.5
Japan,JPN,2007,2.5
Japan,JPN,2008,2.5
Japan,JPN,2009,2.6
Japan,JPN,2010,2.7
Japan,JPN,2011,2.5
Japan,JPN,2012,2.5
Japan,JPN,2013,2.5
Japan,JPN,2014,2.5
Japan,JPN,2015,2.5
Japan,JPN,2016,2.5
Japan,JPN,2017,2.5
Japan,JPN,2018,2.5
Japan,JPN,2019,2.8
Japan,JPN,2020,3.2
Jordan,JOR,2001,9.7
Jordan,JOR,2002,7.7
Jordan,JOR,2003,6.3
Jordan,JOR,2004,5.7
Jordan,JOR,2005,5.5
Jordan,JOR,2006,5.7
Jordan,JOR,2007,6.1
Jordan,JOR,2008,6.5
Jordan,JOR,2009,6.4
Jordan,JOR,2010,6.2
Jordan,JOR,2011,6.1
Jordan,JOR,2012,6.3
Jordan,JOR,2013,6
Jordan,JOR,2014,6
Jordan,JOR,2015,6.3
Jordan,JOR,2016,7.1
Jordan,JOR,2017,8.8
Jordan,JOR,2018,11.2
Jordan,JOR,2019,14.6
Jordan,JOR,2020,16.9
Kazakhstan,KAZ,2001,6.5
Kazakhstan,KAZ,2002,6.6
Kazakhstan,KAZ,2003,7.1
Kazakhstan,KAZ,2004,7.5
Kazakhstan,KAZ,2005,7.3
Kazakhstan,KAZ,2006,6.3
Kazakhstan,KAZ,2007,5.1
Kazakhstan,KAZ,2008,4.3
Kazakhstan,KAZ,2009,3.7
Kazakhstan,KAZ,2010,3.2
Kazakhstan,KAZ,2011,2.6
Kazakhstan,KAZ,2012,2.5
Kazakhstan,KAZ,2013,2.5
Kazakhstan,KAZ,2014,2.5
Kazakhstan,KAZ,2015,2.5
Kazakhstan,KAZ,2016,2.5
Kazakhstan,KAZ,2017,2.5
Kazakhstan,KAZ,2018,2.5
Kazakhstan,KAZ,2019,2.5
Kazakhstan,KAZ,2020,2.5
Kenya,KEN,2001,32.2
Kenya,KEN,2002,33.6
Kenya,KEN,2003,34.9
Kenya,KEN,2004,32.1
Kenya,KEN,2005,28.5
Kenya,KEN,2006,26.1
Kenya,KEN,2007,26.9
Kenya,KEN,2008,26.6
Kenya,KEN,2009,24.7
Kenya,KEN,2010,22.2
Kenya,KEN,2011,20.6
Kenya,KEN,2012,19.8
Kenya,KEN,2013,19.5
Kenya,KEN,2014,19.6
Kenya,KEN,2015,21.5
Kenya,KEN,2016,23.3
Kenya,KEN,2017,25.1
Kenya,KEN,2018,24.7
Kenya,KEN,2019,25.6
Kenya,KEN,2020,26.9
Kiribati,KIR,2001,4.4
Kiribati,KIR,2002,4.6
Kiribati,KIR,2003,5
Kiribati,KIR,2004,5.1
Kiribati,KIR,2005,5.3
Kiribati,KIR,2006,5.5
Kiribati,KIR,2007,6
Kiribati,KIR,2008,6.2
Kiribati,KIR,2009,5.4
Kiribati,KIR,2010,4.4
Kiribati,KIR,2011,3.5
Kiribati,KIR,2012,3.3
Kiribati,KIR,2013,3.3
Kiribati,KIR,2014,3.2
Kiribati,KIR,2015,3.2
Kiribati,KIR,2016,3.3
Kiribati,KIR,2017,3.4
Kiribati,KIR,2018,3.9
Kiribati,KIR,2019,4
Kiribati,KIR,2020,4.2
Kuwait,KWT,2001,2.6
Kuwait,KWT,2002,2.5
Kuwait,KWT,2003,2.5
Kuwait,KWT,2004,2.5
Kuwait,KWT,2005,2.5
Kuwait,KWT,2006,2.5
Kuwait,KWT,2007,2.5
Kuwait,KWT,2008,2.5
Kuwait,KWT,2009,2.5
Kuwait,KWT,2010,2.5
Kuwait,KWT,2011,2.5
Kuwait,KWT,2012,2.5
Kuwait,KWT,2013,2.5
Kuwait,KWT,2014,2.5
Kuwait,KWT,2015,2.5
Kuwait,KWT,2016,2.5
Kuwait,KWT,2017,2.5
Kuwait,KWT,2018,2.5
Kuwait,KWT,2019,2.5
Kuwait,KWT,2020,2.7
Kyrgyzstan,KGZ,2001,15
Kyrgyzstan,KGZ,2002,12.9
Kyrgyzstan,KGZ,2003,10.6
Kyrgyzstan,KGZ,2004,8.5
Kyrgyzstan,KGZ,2005,8.5
Kyrgyzstan,KGZ,2006,9
Kyrgyzstan,KGZ,2007,9.6
Kyrgyzstan,KGZ,2008,8.8
Kyrgyzstan,KGZ,2009,8.2
Kyrgyzstan,KGZ,2010,7.3
Kyrgyzstan,KGZ,2011,6.7
Kyrgyzstan,KGZ,2012,6.3
Kyrgyzstan,KGZ,2013,6.1
Kyrgyzstan,KGZ,2014,6.1
Kyrgyzstan,KGZ,2015,6.3
Kyrgyzstan,KGZ,2016,6.1
Kyrgyzstan,KGZ,2017,5.8
Kyrgyzstan,KGZ,2018,5.4
Kyrgyzstan,KGZ,2019,5.2
Kyrgyzstan,KGZ,2020,5.3
Laos,LAO,2001,31.2
Laos,LAO,2002,29.5
Laos,LAO,2003,26.9
Laos,LAO,2004,24.1
Laos,LAO,2005,22.4
Laos,LAO,2006,20.6
Laos,LAO,2007,20.1
Laos,LAO,2008,18.3
Laos,LAO,2009,16.8
Laos,LAO,2010,14.1
Laos,LAO,2011,12.8
Laos,LAO,2012,11.3
Laos,LAO,2013,10
Laos,LAO,2014,8
Laos,LAO,2015,6.7
Laos,LAO,2016,5.9
Laos,LAO,2017,5.6
Laos,LAO,2018,5.3
Laos,LAO,2019,5.4
Laos,LAO,2020,5.1
Latin America and Caribbean (WB),,2001,10.801488
Latin America and Caribbean (WB),,2002,10.547498
Latin America and Caribbean (WB),,2003,10.317181
Latin America and Caribbean (WB),,2004,9.76211
Latin America and Caribbean (WB),,2005,9.327147
Latin America and Caribbean (WB),,2006,8.794619
Latin America and Caribbean (WB),,2007,8.271637
Latin America and Caribbean (WB),,2008,7.962022
Latin America and Caribbean (WB),,2009,7.406352
Latin America and Caribbean (WB),,2010,6.946413
Latin America and Caribbean (WB),,2011,6.4009066
Latin America and Caribbean (WB),,2012,6.130747
Latin America and Caribbean (WB),,2013,5.787339
Latin America and Caribbean (WB),,2014,5.6648
Latin America and Caribbean (WB),,2015,6.0254784
Latin America and Caribbean (WB),,2016,6.405188
Latin America and Caribbean (WB),,2017,6.795357
Latin America and Caribbean (WB),,2018,6.830578
Latin America and Caribbean (WB),,2019,7.143393
Latin America and Caribbean (WB),,2020,7.791291
Latvia,LVA,2001,4.6
Latvia,LVA,2002,3.4
Latvia,LVA,2003,2.8
Latvia,LVA,2004,2.5
Latvia,LVA,2005,2.5
Latvia,LVA,2006,2.5
Latvia,LVA,2007,2.5
Latvia,LVA,2008,2.5
Latvia,LVA,2009,2.5
Latvia,LVA,2010,2.5
Latvia,LVA,2011,2.5
Latvia,LVA,2012,2.5
Latvia,LVA,2013,2.5
Latvia,LVA,2014,2.5
Latvia,LVA,2015,2.5
Latvia,LVA,2016,2.5
Latvia,LVA,2017,2.5
Latvia,LVA,2018,2.5
Latvia,LVA,2019,2.5
Latvia,LVA,2020,2.5
Lebanon,LBN,2001,7.8
Lebanon,LBN,2002,8.6
Lebanon,LBN,2003,9.6
Lebanon,LBN,2004,10.7
Lebanon,LBN,2005,10.9
Lebanon,LBN,2006,10.5
Lebanon,LBN,2007,9.9
Lebanon,LBN,2008,9.4
Lebanon,LBN,2009,7.6
Lebanon,LBN,2010,5.7
Lebanon,LBN,2011,4.2
Lebanon,LBN,2012,4.6
Lebanon,LBN,2013,5
Lebanon,LBN,2014,5.5
Lebanon,LBN,2015,5.9
Lebanon,LBN,2016,6.2
Lebanon,LBN,2017,6.8
Lebanon,LBN,2018,7.1
Lebanon,LBN,2019,9
Lebanon,LBN,2020,10.9
Lesotho,LSO,2001,20
Lesotho,LSO,2002,18.5
Lesotho,LSO,2003,16.8
Lesotho,LSO,2004,15.3
Lesotho,LSO,2005,13.7
Lesotho,LSO,2006,12.8
Lesotho,LSO,2007,12.4
Lesotho,LSO,2008,12.3
Lesotho,LSO,2009,11.9
Lesotho,LSO,2010,11.6
Lesotho,LSO,2011,12
Lesotho,LSO,2012,14.8
Lesotho,LSO,2013,19.3
Lesotho,LSO,2014,26.1
Lesotho,LSO,2015,30.3
Lesotho,LSO,2016,32
Lesotho,LSO,2017,29.5
Lesotho,LSO,2018,28.7
Lesotho,LSO,2019,31.2
Lesotho,LSO,2020,34.7
Liberia,LBR,2001,36.6
Liberia,LBR,2002,38.1
Liberia,LBR,2003,37.6
Liberia,LBR,2004,36.5
Liberia,LBR,2005,35.8
Liberia,LBR,2006,35.3
Liberia,LBR,2007,34.4
Liberia,LBR,2008,32.9
Liberia,LBR,2009,33.1
Liberia,LBR,2010,34.5
Liberia,LBR,2011,35.7
Liberia,LBR,2012,36.2
Liberia,LBR,2013,36.1
Liberia,LBR,2014,36.8
Liberia,LBR,2015,36.4
Liberia,LBR,2016,36.3
Liberia,LBR,2017,36.6
Liberia,LBR,2018,37.5
Liberia,LBR,2019,39.2
Liberia,LBR,2020,38.3
Lithuania,LTU,2001,2.5
Lithuania,LTU,2002,2.5
Lithuania,LTU,2003,2.5
Lithuania,LTU,2004,2.5
Lithuania,LTU,2005,2.5
Lithuania,LTU,2006,2.5
Lithuania,LTU,2007,2.5
Lithuania,LTU,2008,2.5
Lithuania,LTU,2009,2.5
Lithuania,LTU,2010,2.5
Lithuania,LTU,2011,2.5
Lithuania,LTU,2012,2.5
Lithuania,LTU,2013,2.5
Lithuania,LTU,2014,2.5
Lithuania,LTU,2015,2.5
Lithuania,LTU,2016,2.5
Lithuania,LTU,2017,2.5
Lithuania,LTU,2018,2.5
Lithuania,LTU,2019,2.5
Lithuania,LTU,2020,2.5
Low-income countries,,2001,36.168083
Low-income countries,,2002,35.389534
Low-income countries,,2003,34.65112
Low-income countries,,2004,33.60475
Low-income countries,,2005,32.753704
Low-income countries,,2006,31.808292
Low-income countries,,2007,31.034618
Low-income countries,,2008,30.252964
Low-income countries,,2009,28.20262
Low-income countries,,2010,26.764088
Low-income countries,,2011,25.330683
Low-income countries,,2012,25.256042
Low-income countries,,2013,25.054743
Low-income countries,,2014,25.419685
Low-income countries,,2015,26.086685
Low-income countries,,2016,26.558578
Low-income countries,,2017,27.104303
Low-income countries,,2018,27.650532
Low-income countries,,2019,29.196812
Low-income countries,,2020,30.760487
Lower-middle-income countries,,2001,18.054909
Lower-middle-income countries,,2002,18.610155
Lower-middle-income countries,,2003,18.899796
Lower-middle-income countries,,2004,18.75232
Lower-middle-income countries,,2005,18.106289
Lower-middle-income countries,,2006,16.812424
Lower-middle-income countries,,2007,15.566717
Lower-middle-income countries,,2008,14.852033
Lower-middle-income countries,,2009,14.283231
Lower-middle-income countries,,2010,13.6475115
Lower-middle-income countries,,2011,12.963416
Lower-middle-income countries,,2012,12.472802
Lower-middle-income countries,,2013,12.209851
Lower-middle-income countries,,2014,11.972015
Lower-middle-income countries,,2015,11.682759
Lower-middle-income countries,,2016,11.283469
Lower-middle-income countries,,2017,10.864796
Lower-middle-income countries,,2018,10.81586
Lower-middle-income countries,,2019,11.575107
Lower-middle-income countries,,2020,12.61264
Luxembourg,LUX,2001,2.5
Luxembourg,LUX,2002,2.5
Luxembourg,LUX,2003,2.5
Luxembourg,LUX,2004,2.5
Luxembourg,LUX,2005,2.5
Luxembourg,LUX,2006,2.5
Luxembourg,LUX,2007,2.5
Luxembourg,LUX,2008,2.5
Luxembourg,LUX,2009,2.5
Luxembourg,LUX,2010,2.5
Luxembourg,LUX,2011,2.5
Luxembourg,LUX,2012,2.5
Luxembourg,LUX,2013,2.5
Luxembourg,LUX,2014,2.5
Luxembourg,LUX,2015,2.5
Luxembourg,LUX,2016,2.5
Luxembourg,LUX,2017,2.5
Luxembourg,LUX,2018,2.5
Luxembourg,LUX,2019,2.5
Luxembourg,LUX,2020,2.5
Macao,MAC,2001,21.2
Macao,MAC,2002,20.6
Macao,MAC,2003,19.1
Macao,MAC,2004,17.3
Macao,MAC,2005,16
Macao,MAC,2006,15.2
Macao,MAC,2007,14.9
Macao,MAC,2008,14.5
Macao,MAC,2009,12.4
Macao,MAC,2010,9.7
Macao,MAC,2011,7.2
Macao,MAC,2012,6.5
Macao,MAC,2013,6
Macao,MAC,2014,5.5
Macao,MAC,2015,5.1
Macao,MAC,2016,5
Macao,MAC,2017,4.9
Macao,MAC,2018,4.7
Macao,MAC,2019,4.6
Macao,MAC,2020,4.8
Madagascar,MDG,2001,33.8
Madagascar,MDG,2002,35.2
Madagascar,MDG,2003,36.5
Madagascar,MDG,2004,35
Madagascar,MDG,2005,33.4
Madagascar,MDG,2006,31
Madagascar,MDG,2007,30.5
Madagascar,MDG,2008,30.4
Madagascar,MDG,2009,29.7
Madagascar,MDG,2010,28.2
Madagascar,MDG,2011,27.3
Madagascar,MDG,2012,29.4
Madagascar,MDG,2013,33
Madagascar,MDG,2014,37.6
Madagascar,MDG,2015,40.2
Madagascar,MDG,2016,41.6
Madagascar,MDG,2017,42.3
Madagascar,MDG,2018,44.3
Madagascar,MDG,2019,47.4
Madagascar,MDG,2020,48.5
Malawi,MWI,2001,23.6
Malawi,MWI,2002,23.8
Malawi,MWI,2003,24.6
Malawi,MWI,2004,24
Malawi,MWI,2005,22.5
Malawi,MWI,2006,20.8
Malawi,MWI,2007,19.3
Malawi,MWI,2008,19
Malawi,MWI,2009,17.1
Malawi,MWI,2010,15.5
Malawi,MWI,2011,13.7
Malawi,MWI,2012,14
Malawi,MWI,2013,14.8
Malawi,MWI,2014,15.4
Malawi,MWI,2015,16
Malawi,MWI,2016,16.1
Malawi,MWI,2017,16.6
Malawi,MWI,2018,16.8
Malawi,MWI,2019,17.6
Malawi,MWI,2020,17.8
Malaysia,MYS,2001,2.5
Malaysia,MYS,2002,2.8
Malaysia,MYS,2003,2.9
Malaysia,MYS,2004,3.1
Malaysia,MYS,2005,3.2
Malaysia,MYS,2006,3.4
Malaysia,MYS,2007,3.6
Malaysia,MYS,2008,3.6
Malaysia,MYS,2009,3.7
Malaysia,MYS,2010,3.4
Malaysia,MYS,2011,3.3
Malaysia,MYS,2012,3.3
Malaysia,MYS,2013,3.5
Malaysia,MYS,2014,3.6
Malaysia,MYS,2015,3.8
Malaysia,MYS,2016,3.5
Malaysia,MYS,2017,3.2
Malaysia,MYS,2018,2.7
Malaysia,MYS,2019,2.6
Malaysia,MYS,2020,2.5
Mali,MLI,2001,16.2
Mali,MLI,2002,15.2
Mali,MLI,2003,15.1
Mali,MLI,2004,14.4
Mali,MLI,2005,13.3
Mali,MLI,2006,11.9
Mali,MLI,2007,10.4
Mali,MLI,2008,9.4
Mali,MLI,2009,7.4
Mali,MLI,2010,5.8
Mali,MLI,2011,4.2
Mali,MLI,2012,3.9
Mali,MLI,2013,3.7
Mali,MLI,2014,3.6
Mali,MLI,2015,3.4
Mali,MLI,2016,3.1
Mali,MLI,2017,3.1
Mali,MLI,2018,3.4
Mali,MLI,2019,5.6
Mali,MLI,2020,9.8
Malta,MLT,2001,2.5
Malta,MLT,2002,2.5
Malta,MLT,2003,2.5
Malta,MLT,2004,2.5
Malta,MLT,2005,2.5
Malta,MLT,2006,2.5
Malta,MLT,2007,2.5
Malta,MLT,2008,2.5
Malta,MLT,2009,2.5
Malta,MLT,2010,2.5
Malta,MLT,2011,2.5
Malta,MLT,2012,2.5
Malta,MLT,2013,2.5
Malta,MLT,2014,2.5
Malta,MLT,2015,2.5
Malta,MLT,2016,2.5
Malta,MLT,2017,2.5
Malta,MLT,2018,2.5
Malta,MLT,2019,2.5
Malta,MLT,2020,2.5
Mauritania,MRT,2001,8.3
Mauritania,MRT,2002,7.9
Mauritania,MRT,2003,8.3
Mauritania,MRT,2004,8.5
Mauritania,MRT,2005,9.4
Mauritania,MRT,2006,8.8
Mauritania,MRT,2007,8.1
Mauritania,MRT,2008,7.3
Mauritania,MRT,2009,7.8
Mauritania,MRT,2010,8.2
Mauritania,MRT,2011,8.3
Mauritania,MRT,2012,7.9
Mauritania,MRT,2013,7.9
Mauritania,MRT,2014,8
Mauritania,MRT,2015,8.3
Mauritania,MRT,2016,8.5
Mauritania,MRT,2017,8.5
Mauritania,MRT,2018,8.6
Mauritania,MRT,2019,9.2
Mauritania,MRT,2020,10.1
Mauritius,MUS,2001,5.7
Mauritius,MUS,2002,5.6
Mauritius,MUS,2003,5.4
Mauritius,MUS,2004,5.2
Mauritius,MUS,2005,5.1
Mauritius,MUS,2006,5
Mauritius,MUS,2007,5.2
Mauritius,MUS,2008,5
Mauritius,MUS,2009,4.7
Mauritius,MUS,2010,4.3
Mauritius,MUS,2011,4.5
Mauritius,MUS,2012,4.9
Mauritius,MUS,2013,5.2
Mauritius,MUS,2014,5.3
Mauritius,MUS,2015,5.6
Mauritius,MUS,2016,5.8
Mauritius,MUS,2017,6
Mauritius,MUS,2018,6
Mauritius,MUS,2019,7.2
Mauritius,MUS,2020,7.8
Mexico,MEX,2001,3.3
Mexico,MEX,2002,3.7
Mexico,MEX,2003,4.3
Mexico,MEX,2004,4.6
Mexico,MEX,2005,4.4
Mexico,MEX,2006,4.1
Mexico,MEX,2007,4.1
Mexico,MEX,2008,4.5
Mexico,MEX,2009,4.7
Mexico,MEX,2010,4.8
Mexico,MEX,2011,4.7
Mexico,MEX,2012,4.6
Mexico,MEX,2013,4.2
Mexico,MEX,2014,4.4
Mexico,MEX,2015,5
Mexico,MEX,2016,5.8
Mexico,MEX,2017,6.1
Mexico,MEX,2018,6
Mexico,MEX,2019,6
Mexico,MEX,2020,6.1
Middle East and North Africa (WB),,2001,8.40941
Middle East and North Africa (WB),,2002,8.403951
Middle East and North Africa (WB),,2003,8.44896
Middle East and North Africa (WB),,2004,8.488315
Middle East and North Africa (WB),,2005,8.362563
Middle East and North Africa (WB),,2006,8.207245
Middle East and North Africa (WB),,2007,8.059443
Middle East and North Africa (WB),,2008,7.920517
Middle East and North Africa (WB),,2009,7.484196
Middle East and North Africa (WB),,2010,7.546345
Middle East and North Africa (WB),,2011,7.494077
Middle East and North Africa (WB),,2012,7.765511
Middle East and North Africa (WB),,2013,7.595569
Middle East and North Africa (WB),,2014,7.863424
Middle East and North Africa (WB),,2015,8.290976
Middle East and North Africa (WB),,2016,8.679966
Middle East and North Africa (WB),,2017,8.881939
Middle East and North Africa (WB),,2018,8.756855
Middle East and North Africa (WB),,2019,8.722017
Middle East and North Africa (WB),,2020,8.563551
Middle-income countries,,2001,13.978099
Middle-income countries,,2002,14.064581
Middle-income countries,,2003,13.953633
Middle-income countries,,2004,13.63358
Middle-income countries,,2005,12.99148
Middle-income countries,,2006,12.007632
Middle-income countries,,2007,11.010993
Middle-income countries,,2008,10.356875
Middle-income countries,,2009,9.695479
Middle-income countries,,2010,9.24071
Middle-income countries,,2011,8.826807
Middle-income countries,,2012,8.543937
Middle-income countries,,2013,8.374624
Middle-income countries,,2014,8.239776
Middle-income countries,,2015,8.10715
Middle-income countries,,2016,7.925775
Middle-income countries,,2017,7.7218933
Middle-income countries,,2018,7.714807
Middle-income countries,,2019,8.19971
Middle-income countries,,2020,8.895556
Mongolia,MNG,2001,31.1
Mongolia,MNG,2002,30.6
Mongolia,MNG,2003,30.8
Mongolia,MNG,2004,30.7
Mongolia,MNG,2005,29.6
Mongolia,MNG,2006,27.4
Mongolia,MNG,2007,25.2
Mongolia,MNG,2008,22.3
Mongolia,MNG,2009,19.6
Mongolia,MNG,2010,16.5
Mongolia,MNG,2011,14.1
Mongolia,MNG,2012,12.5
Mongolia,MNG,2013,11.4
Mongolia,MNG,2014,10.1
Mongolia,MNG,2015,8.4
Mongolia,MNG,2016,7.4
Mongolia,MNG,2017,6.3
Mongolia,MNG,2018,5.5
Mongolia,MNG,2019,4
Mongolia,MNG,2020,3.6
Montenegro,MNE,2001,9.6
Montenegro,MNE,2002,9.2
Montenegro,MNE,2003,8.4
Montenegro,MNE,2004,7.7
Montenegro,MNE,2005,5.5
Montenegro,MNE,2006,3.1
Montenegro,MNE,2007,2.5
Montenegro,MNE,2008,2.5
Montenegro,MNE,2009,2.5
Montenegro,MNE,2010,2.5
Montenegro,MNE,2011,2.5
Montenegro,MNE,2012,2.5
Montenegro,MNE,2013,2.5
Montenegro,MNE,2014,2.5
Montenegro,MNE,2015,2.5
Montenegro,MNE,2016,2.5
Montenegro,MNE,2017,2.5
Montenegro,MNE,2018,2.5
Montenegro,MNE,2019,2.5
Montenegro,MNE,2020,2.5
Morocco,MAR,2001,6.3
Morocco,MAR,2002,5.9
Morocco,MAR,2003,5.6
Morocco,MAR,2004,5.5
Morocco,MAR,2005,5.5
Morocco,MAR,2006,5.6
Morocco,MAR,2007,5.5
Morocco,MAR,2008,5.6
Morocco,MAR,2009,5.4
Morocco,MAR,2010,5.1
Morocco,MAR,2011,4.6
Morocco,MAR,2012,4.4
Morocco,MAR,2013,4.2
Morocco,MAR,2014,4.1
Morocco,MAR,2015,3.8
Morocco,MAR,2016,3.8
Morocco,MAR,2017,3.7
Morocco,MAR,2018,3.8
Morocco,MAR,2019,4.4
Morocco,MAR,2020,5.6
Mozambique,MOZ,2001,36.5
Mozambique,MOZ,2002,35.2
Mozambique,MOZ,2003,34.1
Mozambique,MOZ,2004,34.1
Mozambique,MOZ,2005,33.3
Mozambique,MOZ,2006,32.4
Mozambique,MOZ,2007,29.9
Mozambique,MOZ,2008,28.6
Mozambique,MOZ,2009,25.8
Mozambique,MOZ,2010,24.1
Mozambique,MOZ,2011,21.8
Mozambique,MOZ,2012,21
Mozambique,MOZ,2013,22.4
Mozambique,MOZ,2014,25.7
Mozambique,MOZ,2015,29.7
Mozambique,MOZ,2016,31.5
Mozambique,MOZ,2017,31.4
Mozambique,MOZ,2018,31
Mozambique,MOZ,2019,31.8
Mozambique,MOZ,2020,32.7
Myanmar,MMR,2001,37.6
Myanmar,MMR,2002,34.8
Myanmar,MMR,2003,32.4
Myanmar,MMR,2004,30.2
Myanmar,MMR,2005,27.8
Myanmar,MMR,2006,24.5
Myanmar,MMR,2007,20.5
Myanmar,MMR,2008,17.1
Myanmar,MMR,2009,12.9
Myanmar,MMR,2010,10.2
Myanmar,MMR,2011,7.8
Myanmar,MMR,2012,7.1
Myanmar,MMR,2013,6.1
Myanmar,MMR,2014,5.1
Myanmar,MMR,2015,4.2
Myanmar,MMR,2016,3.5
Myanmar,MMR,2017,3
Myanmar,MMR,2018,2.6
Myanmar,MMR,2019,2.5
Myanmar,MMR,2020,3.1
Namibia,NAM,2001,13.5
Namibia,NAM,2002,14.5
Namibia,NAM,2003,15.7
Namibia,NAM,2004,16.6
Namibia,NAM,2005,18.2
Namibia,NAM,2006,20.1
Namibia,NAM,2007,23.5
Namibia,NAM,2008,27.6
Namibia,NAM,2009,29.5
Namibia,NAM,2010,28.8
Namibia,NAM,2011,25.5
Namibia,NAM,2012,23.5
Namibia,NAM,2013,22.2
Namibia,NAM,2014,21.5
Namibia,NAM,2015,21
Namibia,NAM,2016,20.2
Namibia,NAM,2017,19.9
Namibia,NAM,2018,20
Namibia,NAM,2019,18.9
Namibia,NAM,2020,18
Nepal,NPL,2001,23.5
Nepal,NPL,2002,21.7
Nepal,NPL,2003,19.8
Nepal,NPL,2004,17.6
Nepal,NPL,2005,16.8
Nepal,NPL,2006,15.9
Nepal,NPL,2007,14.9
Nepal,NPL,2008,13
Nepal,NPL,2009,11.2
Nepal,NPL,2010,9.9
Nepal,NPL,2011,8.6
Nepal,NPL,2012,7.7
Nepal,NPL,2013,6.8
Nepal,NPL,2014,6.1
Nepal,NPL,2015,5.3
Nepal,NPL,2016,4.5
Nepal,NPL,2017,4.2
Nepal,NPL,2018,4.3
Nepal,NPL,2019,4.8
Nepal,NPL,2020,5.5
Netherlands,NLD,2001,2.5
Netherlands,NLD,2002,2.5
Netherlands,NLD,2003,2.5
Netherlands,NLD,2004,2.5
Netherlands,NLD,2005,2.5
Netherlands,NLD,2006,2.5
Netherlands,NLD,2007,2.5
Netherlands,NLD,2008,2.5
Netherlands,NLD,2009,2.5
Netherlands,NLD,2010,2.5
Netherlands,NLD,2011,2.5
Netherlands,NLD,2012,2.5
Netherlands,NLD,2013,2.5
Netherlands,NLD,2014,2.5
Netherlands,NLD,2015,2.5
Netherlands,NLD,2016,2.5
Netherlands,NLD,2017,2.5
Netherlands,NLD,2018,2.5
Netherlands,NLD,2019,2.5
Netherlands,NLD,2020,2.5
New Caledonia,NCL,2001,8.4
New Caledonia,NCL,2002,8.7
New Caledonia,NCL,2003,9.1
New Caledonia,NCL,2004,9.5
New Caledonia,NCL,2005,9.6
New Caledonia,NCL,2006,9.5
New Caledonia,NCL,2007,9.4
New Caledonia,NCL,2008,9.1
New Caledonia,NCL,2009,8.2
New Caledonia,NCL,2010,7.3
New Caledonia,NCL,2011,6.6
New Caledonia,NCL,2012,6.6
New Caledonia,NCL,2013,6.4
New Caledonia,NCL,2014,6.2
New Caledonia,NCL,2015,6.2
New Caledonia,NCL,2016,6.5
New Caledonia,NCL,2017,6.7
New Caledonia,NCL,2018,6.8
New Caledonia,NCL,2019,6.8
New Caledonia,NCL,2020,6.8
New Zealand,NZL,2001,2.5
New Zealand,NZL,2002,2.5
New Zealand,NZL,2003,2.5
New Zealand,NZL,2004,2.5
New Zealand,NZL,2005,2.5
New Zealand,NZL,2006,2.5
New Zealand,NZL,2007,2.5
New Zealand,NZL,2008,2.5
New Zealand,NZL,2009,2.5
New Zealand,NZL,2010,2.5
New Zealand,NZL,2011,2.5
New Zealand,NZL,2012,2.5
New Zealand,NZL,2013,2.5
New Zealand,NZL,2014,2.5
New Zealand,NZL,2015,2.5
New Zealand,NZL,2016,2.5
New Zealand,NZL,2017,2.5
New Zealand,NZL,2018,2.5
New Zealand,NZL,2019,2.5
New Zealand,NZL,2020,2.5
Nicaragua,NIC,2001,27.5
Nicaragua,NIC,2002,25.2
Nicaragua,NIC,2003,25
Nicaragua,NIC,2004,24
Nicaragua,NIC,2005,23.3
Nicaragua,NIC,2006,22.2
Nicaragua,NIC,2007,21.6
Nicaragua,NIC,2008,21.2
Nicaragua,NIC,2009,20.8
Nicaragua,NIC,2010,20
Nicaragua,NIC,2011,19.2
Nicaragua,NIC,2012,19
Nicaragua,NIC,2013,19.3
Nicaragua,NIC,2014,19.7
Nicaragua,NIC,2015,19
Nicaragua,NIC,2016,18
Nicaragua,NIC,2017,17.2
Nicaragua,NIC,2018,17.4
Nicaragua,NIC,2019,17.5
Nicaragua,NIC,2020,18.6
Nigeria,NGA,2001,8.9
Nigeria,NGA,2002,8.9
Nigeria,NGA,2003,8.6
Nigeria,NGA,2004,7.9
Nigeria,NGA,2005,7.1
Nigeria,NGA,2006,6.7
Nigeria,NGA,2007,6.6
Nigeria,NGA,2008,6.8
Nigeria,NGA,2009,7.5
Nigeria,NGA,2010,8.2
Nigeria,NGA,2011,8.8
Nigeria,NGA,2012,9.1
Nigeria,NGA,2013,9.1
Nigeria,NGA,2014,9.2
Nigeria,NGA,2015,9.2
Nigeria,NGA,2016,9.4
Nigeria,NGA,2017,10
Nigeria,NGA,2018,10.4
Nigeria,NGA,2019,12
Nigeria,NGA,2020,12.7
North America (WB),,2001,2.5
North America (WB),,2002,2.5
North America (WB),,2003,2.5
North America (WB),,2004,2.5
North America (WB),,2005,2.5
North America (WB),,2006,2.5
North America (WB),,2007,2.5
North America (WB),,2008,2.5
North America (WB),,2009,2.5
North America (WB),,2010,2.5
North America (WB),,2011,2.5
North America (WB),,2012,2.5
North America (WB),,2013,2.5
North America (WB),,2014,2.5
North America (WB),,2015,2.5
North America (WB),,2016,2.5
North America (WB),,2017,2.5
North America (WB),,2018,2.5
North America (WB),,2019,2.5
North America (WB),,2020,2.5
North Korea,PRK,2001,35.7
North Korea,PRK,2002,34.8
North Korea,PRK,2003,32.3
North Korea,PRK,2004,32.6
North Korea,PRK,2005,33.8
North Korea,PRK,2006,36.1
North Korea,PRK,2007,38.2
North Korea,PRK,2008,39.7
North Korea,PRK,2009,39.6
North Korea,PRK,2010,39.1
North Korea,PRK,2011,38.2
North Korea,PRK,2012,38.6
North Korea,PRK,2013,38.6
North Korea,PRK,2014,39.6
North Korea,PRK,2015,40.3
North Korea,PRK,2016,41.2
North Korea,PRK,2017,42.9
North Korea,PRK,2018,42.6
North Korea,PRK,2019,43
North Korea,PRK,2020,41.6
North Macedonia,MKD,2001,7.5
North Macedonia,MKD,2002,7.5
North Macedonia,MKD,2003,5.8
North Macedonia,MKD,2004,5.5
North Macedonia,MKD,2005,5
North Macedonia,MKD,2006,4.4
North Macedonia,MKD,2007,3.6
North Macedonia,MKD,2008,2.9
North Macedonia,MKD,2009,3.1
North Macedonia,MKD,2010,3.4
North Macedonia,MKD,2011,3.6
North Macedonia,MKD,2012,3.7
North Macedonia,MKD,2013,3.6
North Macedonia,MKD,2014,3.5
North Macedonia,MKD,2015,3.3
North Macedonia,MKD,2016,3
North Macedonia,MKD,2017,2.8
North Macedonia,MKD,2018,2.5
North Macedonia,MKD,2019,3.1
North Macedonia,MKD,2020,3.3
Norway,NOR,2001,2.5
Norway,NOR,2002,2.5
Norway,NOR,2003,2.5
Norway,NOR,2004,2.5
Norway,NOR,2005,2.5
Norway,NOR,2006,2.5
Norway,NOR,2007,2.5
Norway,NOR,2008,2.5
Norway,NOR,2009,2.5
Norway,NOR,2010,2.5
Norway,NOR,2011,2.5
Norway,NOR,2012,2.5
Norway,NOR,2013,2.5
Norway,NOR,2014,2.5
Norway,NOR,2015,2.5
Norway,NOR,2016,2.5
Norway,NOR,2017,2.5
Norway,NOR,2018,2.5
Norway,NOR,2019,2.5
Norway,NOR,2020,2.5
Oman,OMN,2001,12.3
Oman,OMN,2002,11.3
Oman,OMN,2003,11
Oman,OMN,2004,10.1
Oman,OMN,2005,9.6
Oman,OMN,2006,9.6
Oman,OMN,2007,9.7
Oman,OMN,2008,9.7
Oman,OMN,2009,8.6
Oman,OMN,2010,7.7
Oman,OMN,2011,6.8
Oman,OMN,2012,6.6
Oman,OMN,2013,6.6
Oman,OMN,2014,7.1
Oman,OMN,2015,8.1
Oman,OMN,2016,8.4
Oman,OMN,2017,8.4
Oman,OMN,2018,7.9
Oman,OMN,2019,8.8
Oman,OMN,2020,9.8
Pakistan,PAK,2001,21.1
Pakistan,PAK,2002,21.8
Pakistan,PAK,2003,21
Pakistan,PAK,2004,19
Pakistan,PAK,2005,17.6
Pakistan,PAK,2006,16.4
Pakistan,PAK,2007,15.8
Pakistan,PAK,2008,15.8
Pakistan,PAK,2009,15.6
Pakistan,PAK,2010,15.4
Pakistan,PAK,2011,15.1
Pakistan,PAK,2012,14.7
Pakistan,PAK,2013,14.2
Pakistan,PAK,2014,13.4
Pakistan,PAK,2015,12.8
Pakistan,PAK,2016,12.4
Pakistan,PAK,2017,12.1
Pakistan,PAK,2018,12.3
Pakistan,PAK,2019,14.1
Pakistan,PAK,2020,16.9
Panama,PAN,2001,24.5
Panama,PAN,2002,20.5
Panama,PAN,2003,21
Panama,PAN,2004,21.3
Panama,PAN,2005,21.6
Panama,PAN,2006,18.5
Panama,PAN,2007,16.2
Panama,PAN,2008,14.1
Panama,PAN,2009,12.4
Panama,PAN,2010,10.9
Panama,PAN,2011,9.1
Panama,PAN,2012,8.4
Panama,PAN,2013,8.2
Panama,PAN,2014,8.3
Panama,PAN,2015,8.1
Panama,PAN,2016,7.8
Panama,PAN,2017,6.7
Panama,PAN,2018,6
Panama,PAN,2019,5.4
Panama,PAN,2020,5.8
Papua New Guinea,PNG,2001,26.3
Papua New Guinea,PNG,2002,27
Papua New Guinea,PNG,2003,27.7
Papua New Guinea,PNG,2004,28.6
Papua New Guinea,PNG,2005,27.4
Papua New Guinea,PNG,2006,27.3
Papua New Guinea,PNG,2007,26.6
Papua New Guinea,PNG,2008,27
Papua New Guinea,PNG,2009,26.6
Papua New Guinea,PNG,2010,26.2
Papua New Guinea,PNG,2011,25
Papua New Guinea,PNG,2012,24
Papua New Guinea,PNG,2013,23.3
Papua New Guinea,PNG,2014,23.1
Papua New Guinea,PNG,2015,23
Papua New Guinea,PNG,2016,23.2
Papua New Guinea,PNG,2017,23.1
Papua New Guinea,PNG,2018,22.6
Papua New Guinea,PNG,2019,21.9
Papua New Guinea,PNG,2020,21.6
Paraguay,PRY,2001,10.5
Paraguay,PRY,2002,9.3
Paraguay,PRY,2003,8.8
Paraguay,PRY,2004,9.1
Paraguay,PRY,2005,9.5
Paraguay,PRY,2006,9.7
Paraguay,PRY,2007,9.4
Paraguay,PRY,2008,9.6
Paraguay,PRY,2009,8.8
Paraguay,PRY,2010,7.7
Paraguay,PRY,2011,7.2
Paraguay,PRY,2012,7.2
Paraguay,PRY,2013,7.4
Paraguay,PRY,2014,7.1
Paraguay,PRY,2015,7.4
Paraguay,PRY,2016,7.7
Paraguay,PRY,2017,7.8
Paraguay,PRY,2018,7.8
Paraguay,PRY,2019,8.2
Paraguay,PRY,2020,8.7
Peru,PER,2001,21.5
Peru,PER,2002,22.9
Peru,PER,2003,23.1
Peru,PER,2004,21.7
Peru,PER,2005,18.8
Peru,PER,2006,15.7
Peru,PER,2007,13.7
Peru,PER,2008,11.6
Peru,PER,2009,9.7
Peru,PER,2010,8.7
Peru,PER,2011,7.7
Peru,PER,2012,6.7
Peru,PER,2013,5.7
Peru,PER,2014,5.4
Peru,PER,2015,5.9
Peru,PER,2016,6.9
Peru,PER,2017,7.6
Peru,PER,2018,7.6
Peru,PER,2019,8.1
Peru,PER,2020,8.3
Philippines,PHL,2001,18.7
Philippines,PHL,2002,18.4
Philippines,PHL,2003,17
Philippines,PHL,2004,15.9
Philippines,PHL,2005,14.4
Philippines,PHL,2006,13.2
Philippines,PHL,2007,12.1
Philippines,PHL,2008,11.3
Philippines,PHL,2009,11.5
Philippines,PHL,2010,12.2
Philippines,PHL,2011,12.4
Philippines,PHL,2012,12.1
Philippines,PHL,2013,11.6
Philippines,PHL,2014,11.1
Philippines,PHL,2015,10.2
Philippines,PHL,2016,8.8
Philippines,PHL,2017,7.5
Philippines,PHL,2018,6.2
Philippines,PHL,2019,5.5
Philippines,PHL,2020,5.2
Poland,POL,2001,2.5
Poland,POL,2002,2.5
Poland,POL,2003,2.5
Poland,POL,2004,2.5
Poland,POL,2005,2.5
Poland,POL,2006,2.5
Poland,POL,2007,2.5
Poland,POL,2008,2.5
Poland,POL,2009,2.5
Poland,POL,2010,2.5
Poland,POL,2011,2.5
Poland,POL,2012,2.5
Poland,POL,2013,2.5
Poland,POL,2014,2.5
Poland,POL,2015,2.5
Poland,POL,2016,2.5
Poland,POL,2017,2.5
Poland,POL,2018,2.5
Poland,POL,2019,2.5
Poland,POL,2020,2.5
Portugal,PRT,2001,2.5
Portugal,PRT,2002,2.5
Portugal,PRT,2003,2.5
Portugal,PRT,2004,2.5
Portugal,PRT,2005,2.5
Portugal,PRT,2006,2.5
Portugal,PRT,2007,2.5
Portugal,PRT,2008,2.5
Portugal,PRT,2009,2.5
Portugal,PRT,2010,2.5
Portugal,PRT,2011,2.5
Portugal,PRT,2012,2.5
Portugal,PRT,2013,2.5
Portugal,PRT,2014,2.5
Portugal,PRT,2015,2.5
Portugal,PRT,2016,2.5
Portugal,PRT,2017,2.5
Portugal,PRT,2018,2.5
Portugal,PRT,2019,2.5
Portugal,PRT,2020,2.5
Romania,ROU,2001,2.5
Romania,ROU,2002,2.5
Romania,ROU,2003,2.5
Romania,ROU,2004,2.5
Romania,ROU,2005,2.5
Romania,ROU,2006,2.5
Romania,ROU,2007,2.5
Romania,ROU,2008,2.5
Romania,ROU,2009,2.5
Romania,ROU,2010,2.5
Romania,ROU,2011,2.5
Romania,ROU,2012,2.5
Romania,ROU,2013,2.5
Romania,ROU,2014,2.5
Romania,ROU,2015,2.5
Romania,ROU,2016,2.5
Romania,ROU,2017,2.5
Romania,ROU,2018,2.5
Romania,ROU,2019,2.5
Romania,ROU,2020,2.5
Russia,RUS,2001,4
Russia,RUS,2002,3.3
Russia,RUS,2003,2.8
Russia,RUS,2004,2.5
Russia,RUS,2005,2.5
Russia,RUS,2006,2.5
Russia,RUS,2007,2.5
Russia,RUS,2008,2.5
Russia,RUS,2009,2.5
Russia,RUS,2010,2.5
Russia,RUS,2011,2.5
Russia,RUS,2012,2.5
Russia,RUS,2013,2.5
Russia,RUS,2014,2.5
Russia,RUS,2015,2.5
Russia,RUS,2016,2.5
Russia,RUS,2017,2.5
Russia,RUS,2018,2.5
Russia,RUS,2019,2.5
Russia,RUS,2020,2.5
Rwanda,RWA,2001,38.5
Rwanda,RWA,2002,35.2
Rwanda,RWA,2003,34.6
Rwanda,RWA,2004,35.9
Rwanda,RWA,2005,35.3
Rwanda,RWA,2006,33.7
Rwanda,RWA,2007,32.3
Rwanda,RWA,2008,29.5
Rwanda,RWA,2009,29.9
Rwanda,RWA,2010,31.4
Rwanda,RWA,2011,34.3
Rwanda,RWA,2012,34.5
Rwanda,RWA,2013,34.8
Rwanda,RWA,2014,35.1
Rwanda,RWA,2015,35.3
Rwanda,RWA,2016,34.9
Rwanda,RWA,2017,34.7
Rwanda,RWA,2018,34.7
Rwanda,RWA,2019,35.2
Rwanda,RWA,2020,35.8
Saint Vincent and the Grenadines,VCT,2001,13.4
Saint Vincent and the Grenadines,VCT,2002,11.9
Saint Vincent and the Grenadines,VCT,2003,9.5
Saint Vincent and the Grenadines,VCT,2004,8.7
Saint Vincent and the Grenadines,VCT,2005,7.9
Saint Vincent and the Grenadines,VCT,2006,7.2
Saint Vincent and the Grenadines,VCT,2007,6.8
Saint Vincent and the Grenadines,VCT,2008,6.4
Saint Vincent and the Grenadines,VCT,2009,6
Saint Vincent and the Grenadines,VCT,2010,5.8
Saint Vincent and the Grenadines,VCT,2011,5.6
Saint Vincent and the Grenadines,VCT,2012,5.5
Saint Vincent and the Grenadines,VCT,2013,5.4
Saint Vincent and the Grenadines,VCT,2014,5.6
Saint Vincent and the Grenadines,VCT,2015,5.9
Saint Vincent and the Grenadines,VCT,2016,5.8
Saint Vincent and the Grenadines,VCT,2017,5.7
Saint Vincent and the Grenadines,VCT,2018,5.5
Saint Vincent and the Grenadines,VCT,2019,6.6
Saint Vincent and the Grenadines,VCT,2020,7.6
Samoa,WSM,2001,3.5
Samoa,WSM,2002,3.5
Samoa,WSM,2003,3.4
Samoa,WSM,2004,3.3
Samoa,WSM,2005,3.4
Samoa,WSM,2006,3.8
Samoa,WSM,2007,3.9
Samoa,WSM,2008,4
Samoa,WSM,2009,3.9
Samoa,WSM,2010,4.2
Samoa,WSM,2011,4.1
Samoa,WSM,2012,4
Samoa,WSM,2013,3.7
Samoa,WSM,2014,4.1
Samoa,WSM,2015,4.4
Samoa,WSM,2016,4.7
Samoa,WSM,2017,4.6
Samoa,WSM,2018,4.5
Samoa,WSM,2019,4.4
Samoa,WSM,2020,4.4
Sao Tome and Principe,STP,2001,14.7
Sao Tome and Principe,STP,2002,12.8
Sao Tome and Principe,STP,2003,11.2
Sao Tome and Principe,STP,2004,9.8
Sao Tome and Principe,STP,2005,9
Sao Tome and Principe,STP,2006,9
Sao Tome and Principe,STP,2007,9.8
Sao Tome and Principe,STP,2008,11.1
Sao Tome and Principe,STP,2009,12.1
Sao Tome and Principe,STP,2010,13
Sao Tome and Principe,STP,2011,13.5
Sao Tome and Principe,STP,2012,13.3
Sao Tome and Principe,STP,2013,12.9
Sao Tome and Principe,STP,2014,13
Sao Tome and Principe,STP,2015,12.9
Sao Tome and Principe,STP,2016,12.9
Sao Tome and Principe,STP,2017,12.5
Sao Tome and Principe,STP,2018,12.8
Sao Tome and Principe,STP,2019,13
Sao Tome and Principe,STP,2020,13.5
Saudi Arabia,SAU,2001,4.9
Saudi Arabia,SAU,2002,5
Saudi Arabia,SAU,2003,5.1
Saudi Arabia,SAU,2004,5
Saudi Arabia,SAU,2005,4.8
Saudi Arabia,SAU,2006,4.5
Saudi Arabia,SAU,2007,4.8
Saudi Arabia,SAU,2008,5.5
Saudi Arabia,SAU,2009,5.6
Saudi Arabia,SAU,2010,5.9
Saudi Arabia,SAU,2011,5.4
Saudi Arabia,SAU,2012,5.4
Saudi Arabia,SAU,2013,4.6
Saudi Arabia,SAU,2014,4.3
Saudi Arabia,SAU,2015,3.7
Saudi Arabia,SAU,2016,3.7
Saudi Arabia,SAU,2017,3.7
Saudi Arabia,SAU,2018,3.8
Saudi Arabia,SAU,2019,3.9
Saudi Arabia,SAU,2020,3.7
Senegal,SEN,2001,24.1
Senegal,SEN,2002,22.9
Senegal,SEN,2003,21.4
Senegal,SEN,2004,19.6
Senegal,SEN,2005,18.1
Senegal,SEN,2006,16.5
Senegal,SEN,2007,13.6
Senegal,SEN,2008,11.9
Senegal,SEN,2009,11
Senegal,SEN,2010,11.3
Senegal,SEN,2011,11.5
Senegal,SEN,2012,11.9
Senegal,SEN,2013,12
Senegal,SEN,2014,11.8
Senegal,SEN,2015,10.7
Senegal,SEN,2016,9.5
Senegal,SEN,2017,8.5
Senegal,SEN,2018,7.8
Senegal,SEN,2019,7.4
Senegal,SEN,2020,7.5
Serbia,SRB,2001,3.1
Serbia,SRB,2002,3
Serbia,SRB,2003,2.7
Serbia,SRB,2004,2.5
Serbia,SRB,2005,2.5
Serbia,SRB,2006,2.5
Serbia,SRB,2007,2.5
Serbia,SRB,2008,2.5
Serbia,SRB,2009,2.5
Serbia,SRB,2010,2.5
Serbia,SRB,2011,2.6
Serbia,SRB,2012,2.6
Serbia,SRB,2013,3.2
Serbia,SRB,2014,3.7
Serbia,SRB,2015,4.1
Serbia,SRB,2016,4.2
Serbia,SRB,2017,4
Serbia,SRB,2018,3.8
Serbia,SRB,2019,3.7
Serbia,SRB,2020,3.3
Sierra Leone,SLE,2001,50.7
Sierra Leone,SLE,2002,49.8
Sierra Leone,SLE,2003,49.4
Sierra Leone,SLE,2004,48.8
Sierra Leone,SLE,2005,46.7
Sierra Leone,SLE,2006,43.7
Sierra Leone,SLE,2007,41.7
Sierra Leone,SLE,2008,40.3
Sierra Leone,SLE,2009,34.9
Sierra Leone,SLE,2010,29.1
Sierra Leone,SLE,2011,24.4
Sierra Leone,SLE,2012,24.3
Sierra Leone,SLE,2013,25.4
Sierra Leone,SLE,2014,25
Sierra Leone,SLE,2015,25.8
Sierra Leone,SLE,2016,25.9
Sierra Leone,SLE,2017,27.2
Sierra Leone,SLE,2018,27.7
Sierra Leone,SLE,2019,27.9
Sierra Leone,SLE,2020,27.4
Slovakia,SVK,2001,6.1
Slovakia,SVK,2002,6.2
Slovakia,SVK,2003,6
Slovakia,SVK,2004,5.8
Slovakia,SVK,2005,5.5
Slovakia,SVK,2006,5.6
Slovakia,SVK,2007,5.4
Slovakia,SVK,2008,4.9
Slovakia,SVK,2009,4.7
Slovakia,SVK,2010,5
Slovakia,SVK,2011,5.8
Slovakia,SVK,2012,5.6
Slovakia,SVK,2013,5.4
Slovakia,SVK,2014,5.8
Slovakia,SVK,2015,5.8
Slovakia,SVK,2016,5.6
Slovakia,SVK,2017,4.4
Slovakia,SVK,2018,3.9
Slovakia,SVK,2019,3.7
Slovakia,SVK,2020,3.8
Slovenia,SVN,2001,2.5
Slovenia,SVN,2002,2.5
Slovenia,SVN,2003,2.5
Slovenia,SVN,2004,2.5
Slovenia,SVN,2005,2.5
Slovenia,SVN,2006,2.5
Slovenia,SVN,2007,2.5
Slovenia,SVN,2008,2.5
Slovenia,SVN,2009,2.5
Slovenia,SVN,2010,2.5
Slovenia,SVN,2011,2.5
Slovenia,SVN,2012,2.5
Slovenia,SVN,2013,2.5
Slovenia,SVN,2014,2.5
Slovenia,SVN,2015,2.5
Slovenia,SVN,2016,2.5
Slovenia,SVN,2017,2.5
Slovenia,SVN,2018,2.5
Slovenia,SVN,2019,2.5
Slovenia,SVN,2020,2.5
Solomon Islands,SLB,2001,13.3
Solomon Islands,SLB,2002,13.1
Solomon Islands,SLB,2003,12.6
Solomon Islands,SLB,2004,12.7
Solomon Islands,SLB,2005,12.5
Solomon Islands,SLB,2006,12.8
Solomon Islands,SLB,2007,12.6
Solomon Islands,SLB,2008,13.2
Solomon Islands,SLB,2009,13
Solomon Islands,SLB,2010,13.7
Solomon Islands,SLB,2011,14.7
Solomon Islands,SLB,2012,16.5
Solomon Islands,SLB,2013,18
Solomon Islands,SLB,2014,18.7
Solomon Islands,SLB,2015,18.5
Solomon Islands,SLB,2016,18.1
Solomon Islands,SLB,2017,17.7
Solomon Islands,SLB,2018,17.6
Solomon Islands,SLB,2019,17.8
Solomon Islands,SLB,2020,18.1
Somalia,SOM,2001,70.6
Somalia,SOM,2002,70.5
Somalia,SOM,2003,70.6
Somalia,SOM,2004,70.7
Somalia,SOM,2005,70.8
Somalia,SOM,2006,70.9
Somalia,SOM,2007,70.9
Somalia,SOM,2008,70.8
Somalia,SOM,2009,70.9
Somalia,SOM,2010,70.4
Somalia,SOM,2011,68.7
Somalia,SOM,2012,65.9
Somalia,SOM,2013,62.4
Somalia,SOM,2014,60.4
Somalia,SOM,2015,59.9
Somalia,SOM,2016,59.7
Somalia,SOM,2017,58.9
Somalia,SOM,2018,56.6
Somalia,SOM,2019,54.8
Somalia,SOM,2020,53.1
South Africa,ZAF,2001,3.9
South Africa,ZAF,2002,3.7
South Africa,ZAF,2003,3.6
South Africa,ZAF,2004,3.4
South Africa,ZAF,2005,3.4
South Africa,ZAF,2006,3.5
South Africa,ZAF,2007,3.6
South Africa,ZAF,2008,3.6
South Africa,ZAF,2009,3.6
South Africa,ZAF,2010,3.7
South Africa,ZAF,2011,3.8
South Africa,ZAF,2012,3.9
South Africa,ZAF,2013,4.3
South Africa,ZAF,2014,4.8
South Africa,ZAF,2015,5.2
South Africa,ZAF,2016,5.4
South Africa,ZAF,2017,5.5
South Africa,ZAF,2018,5.7
South Africa,ZAF,2019,6.3
South Africa,ZAF,2020,6.9
South Asia (WB),,2001,18.940445
South Asia (WB),,2002,20.172983
South Asia (WB),,2003,21.024979
South Asia (WB),,2004,21.12429
South Asia (WB),,2005,20.521551
South Asia (WB),,2006,18.786648
South Asia (WB),,2007,17.064222
South Asia (WB),,2008,16.267328
South Asia (WB),,2009,16.03695
South Asia (WB),,2010,15.693671
South Asia (WB),,2011,15.294792
South Asia (WB),,2012,14.825962
South Asia (WB),,2013,14.709361
South Asia (WB),,2014,14.440801
South Asia (WB),,2015,14.133413
South Asia (WB),,2016,13.573855
South Asia (WB),,2017,12.954369
South Asia (WB),,2018,12.985889
South Asia (WB),,2019,14.189775
South Asia (WB),,2020,15.897266
South Korea,KOR,2001,2.5
South Korea,KOR,2002,2.6
South Korea,KOR,2003,2.6
South Korea,KOR,2004,2.6
South Korea,KOR,2005,2.5
South Korea,KOR,2006,2.5
South Korea,KOR,2007,2.5
South Korea,KOR,2008,2.5
South Korea,KOR,2009,2.5
South Korea,KOR,2010,2.5
South Korea,KOR,2011,2.5
South Korea,KOR,2012,2.5
South Korea,KOR,2013,2.5
South Korea,KOR,2014,2.5
South Korea,KOR,2015,2.5
South Korea,KOR,2016,2.5
South Korea,KOR,2017,2.5
South Korea,KOR,2018,2.5
South Korea,KOR,2019,2.5
South Korea,KOR,2020,2.5
Spain,ESP,2001,2.5
Spain,ESP,2002,2.5
Spain,ESP,2003,2.5
Spain,ESP,2004,2.5
Spain,ESP,2005,2.5
Spain,ESP,2006,2.5
Spain,ESP,2007,2.5
Spain,ESP,2008,2.5
Spain,ESP,2009,2.5
Spain,ESP,2010,2.5
Spain,ESP,2011,2.5
Spain,ESP,2012,2.5
Spain,ESP,2013,2.5
Spain,ESP,2014,2.5
Spain,ESP,2015,2.5
Spain,ESP,2016,2.5
Spain,ESP,2017,2.5
Spain,ESP,2018,2.5
Spain,ESP,2019,2.5
Spain,ESP,2020,2.5
Sri Lanka,LKA,2001,16.7
Sri Lanka,LKA,2002,16.1
Sri Lanka,LKA,2003,15.7
Sri Lanka,LKA,2004,15
Sri Lanka,LKA,2005,14
Sri Lanka,LKA,2006,13.2
Sri Lanka,LKA,2007,11.8
Sri Lanka,LKA,2008,10.8
Sri Lanka,LKA,2009,9.8
Sri Lanka,LKA,2010,9.6
Sri Lanka,LKA,2011,8.9
Sri Lanka,LKA,2012,8.1
Sri Lanka,LKA,2013,7
Sri Lanka,LKA,2014,6
Sri Lanka,LKA,2015,5.2
Sri Lanka,LKA,2016,4.7
Sri Lanka,LKA,2017,4.3
Sri Lanka,LKA,2018,4.1
Sri Lanka,LKA,2019,3.7
Sri Lanka,LKA,2020,3.4
Sub-Saharan Africa (WB),,2001,25.9322
Sub-Saharan Africa (WB),,2002,25.48986
Sub-Saharan Africa (WB),,2003,25.039923
Sub-Saharan Africa (WB),,2004,24.02243
Sub-Saharan Africa (WB),,2005,22.891003
Sub-Saharan Africa (WB),,2006,21.942646
Sub-Saharan Africa (WB),,2007,21.442135
Sub-Saharan Africa (WB),,2008,20.980854
Sub-Saharan Africa (WB),,2009,19.718775
Sub-Saharan Africa (WB),,2010,18.515284
Sub-Saharan Africa (WB),,2011,17.38039
Sub-Saharan Africa (WB),,2012,17.068972
Sub-Saharan Africa (WB),,2013,16.907928
Sub-Saharan Africa (WB),,2014,17.003397
Sub-Saharan Africa (WB),,2015,17.312449
Sub-Saharan Africa (WB),,2016,17.631313
Sub-Saharan Africa (WB),,2017,18.093235
Sub-Saharan Africa (WB),,2018,18.513807
Sub-Saharan Africa (WB),,2019,19.771059
Sub-Saharan Africa (WB),,2020,20.901157
Sudan,SDN,2001,21.5
Sudan,SDN,2002,20.3
Sudan,SDN,2003,20
Sudan,SDN,2004,19.7
Sudan,SDN,2005,18.9
Sudan,SDN,2006,17.6
Sudan,SDN,2007,16.7
Sudan,SDN,2008,16.3
Sudan,SDN,2009,16.5
Sudan,SDN,2010,16.5
Sudan,SDN,2011,15.5
Sudan,SDN,2012,13.5
Sudan,SDN,2013,11.7
Sudan,SDN,2014,11.1
Sudan,SDN,2015,11.2
Sudan,SDN,2016,11.8
Sudan,SDN,2017,11.8
Sudan,SDN,2018,11.8
Sudan,SDN,2019,11.7
Sudan,SDN,2020,12.8
Suriname,SUR,2001,11.8
Suriname,SUR,2002,11.5
Suriname,SUR,2003,10.9
Suriname,SUR,2004,10.3
Suriname,SUR,2005,9.7
Suriname,SUR,2006,8.8
Suriname,SUR,2007,8.8
Suriname,SUR,2008,8.3
Suriname,SUR,2009,7.7
Suriname,SUR,2010,7.3
Suriname,SUR,2011,7.4
Suriname,SUR,2012,7.4
Suriname,SUR,2013,7.1
Suriname,SUR,2014,7.3
Suriname,SUR,2015,7.8
Suriname,SUR,2016,8.3
Suriname,SUR,2017,8.3
Suriname,SUR,2018,8
Suriname,SUR,2019,8
Suriname,SUR,2020,8.2
Sweden,SWE,2001,2.5
Sweden,SWE,2002,2.5
Sweden,SWE,2003,2.5
Sweden,SWE,2004,2.5
Sweden,SWE,2005,2.5
Sweden,SWE,2006,2.5
Sweden,SWE,2007,2.5
Sweden,SWE,2008,2.5
Sweden,SWE,2009,2.5
Sweden,SWE,2010,2.5
Sweden,SWE,2011,2.5
Sweden,SWE,2012,2.5
Sweden,SWE,2013,2.5
Sweden,SWE,2014,2.5
Sweden,SWE,2015,2.5
Sweden,SWE,2016,2.5
Sweden,SWE,2017,2.5
Sweden,SWE,2018,2.5
Sweden,SWE,2019,2.5
Sweden,SWE,2020,2.5
Switzerland,CHE,2001,2.5
Switzerland,CHE,2002,2.5
Switzerland,CHE,2003,2.5
Switzerland,CHE,2004,2.5
Switzerland,CHE,2005,2.5
Switzerland,CHE,2006,2.5
Switzerland,CHE,2007,2.5
Switzerland,CHE,2008,2.5
Switzerland,CHE,2009,2.5
Switzerland,CHE,2010,2.5
Switzerland,CHE,2011,2.5
Switzerland,CHE,2012,2.5
Switzerland,CHE,2013,2.5
Switzerland,CHE,2014,2.5
Switzerland,CHE,2015,2.5
Switzerland,CHE,2016,2.5
Switzerland,CHE,2017,2.5
Switzerland,CHE,2018,2.5
Switzerland,CHE,2019,2.5
Switzerland,CHE,2020,2.5
Tanzania,TZA,2001,33.1
Tanzania,TZA,2002,34
Tanzania,TZA,2003,32.5
Tanzania,TZA,2004,31.6
Tanzania,TZA,2005,28.4
Tanzania,TZA,2006,25.9
Tanzania,TZA,2007,25.7
Tanzania,TZA,2008,25.9
Tanzania,TZA,2009,26.7
Tanzania,TZA,2010,25.6
Tanzania,TZA,2011,24.2
Tanzania,TZA,2012,23.2
Tanzania,TZA,2013,22.7
Tanzania,TZA,2014,22.5
Tanzania,TZA,2015,22.5
Tanzania,TZA,2016,22.7
Tanzania,TZA,2017,23
Tanzania,TZA,2018,23.3
Tanzania,TZA,2019,23.4
Tanzania,TZA,2020,22.6
Thailand,THA,2001,17.3
Thailand,THA,2002,16.4
Thailand,THA,2003,15
Thailand,THA,2004,13.7
Thailand,THA,2005,11.9
Thailand,THA,2006,10.6
Thailand,THA,2007,10.2
Thailand,THA,2008,10.6
Thailand,THA,2009,10.3
Thailand,THA,2010,9.9
Thailand,THA,2011,9
Thailand,THA,2012,8.8
Thailand,THA,2013,8.2
Thailand,THA,2014,7.8
Thailand,THA,2015,7.3
Thailand,THA,2016,7.5
Thailand,THA,2017,7.7
Thailand,THA,2018,7.8
Thailand,THA,2019,8
Thailand,THA,2020,8.8
Togo,TGO,2001,31.3
Togo,TGO,2002,31.1
Togo,TGO,2003,29.8
Togo,TGO,2004,28.7
Togo,TGO,2005,27.7
Togo,TGO,2006,27.2
Togo,TGO,2007,26.2
Togo,TGO,2008,25.5
Togo,TGO,2009,23
Togo,TGO,2010,20.8
Togo,TGO,2011,19.4
Togo,TGO,2012,19.4
Togo,TGO,2013,19.4
Togo,TGO,2014,20.2
Togo,TGO,2015,20.5
Togo,TGO,2016,21.2
Togo,TGO,2017,21
Togo,TGO,2018,20.7
Togo,TGO,2019,20.1
Togo,TGO,2020,18.8
Trinidad and Tobago,TTO,2001,10
Trinidad and Tobago,TTO,2002,10.5
Trinidad and Tobago,TTO,2003,11.1
Trinidad and Tobago,TTO,2004,11.5
Trinidad and Tobago,TTO,2005,11.1
Trinidad and Tobago,TTO,2006,10.5
Trinidad and Tobago,TTO,2007,9.9
Trinidad and Tobago,TTO,2008,9.6
Trinidad and Tobago,TTO,2009,9.1
Trinidad and Tobago,TTO,2010,8.2
Trinidad and Tobago,TTO,2011,7.2
Trinidad and Tobago,TTO,2012,6.7
Trinidad and Tobago,TTO,2013,6.6
Trinidad and Tobago,TTO,2014,6.6
Trinidad and Tobago,TTO,2015,6.8
Trinidad and Tobago,TTO,2016,6.8
Trinidad and Tobago,TTO,2017,6.9
Trinidad and Tobago,TTO,2018,7
Trinidad and Tobago,TTO,2019,7.3
Trinidad and Tobago,TTO,2020,7.5
Tunisia,TUN,2001,4.4
Tunisia,TUN,2002,4.4
Tunisia,TUN,2003,4.5
Tunisia,TUN,2004,4.4
Tunisia,TUN,2005,4.3
Tunisia,TUN,2006,4.3
Tunisia,TUN,2007,4
Tunisia,TUN,2008,3.8
Tunisia,TUN,2009,3.6
Tunisia,TUN,2010,3.4
Tunisia,TUN,2011,3.2
Tunisia,TUN,2012,3
Tunisia,TUN,2013,2.8
Tunisia,TUN,2014,2.7
Tunisia,TUN,2015,2.5
Tunisia,TUN,2016,2.5
Tunisia,TUN,2017,2.5
Tunisia,TUN,2018,2.5
Tunisia,TUN,2019,2.6
Tunisia,TUN,2020,3.1
Turkey,TUR,2001,2.5
Turkey,TUR,2002,2.5
Turkey,TUR,2003,2.5
Turkey,TUR,2004,2.5
Turkey,TUR,2005,2.5
Turkey,TUR,2006,2.5
Turkey,TUR,2007,2.5
Turkey,TUR,2008,2.5
Turkey,TUR,2009,2.5
Turkey,TUR,2010,2.5
Turkey,TUR,2011,2.5
Turkey,TUR,2012,2.5
Turkey,TUR,2013,2.5
Turkey,TUR,2014,2.5
Turkey,TUR,2015,2.5
Turkey,TUR,2016,2.5
Turkey,TUR,2017,2.5
Turkey,TUR,2018,2.5
Turkey,TUR,2019,2.5
Turkey,TUR,2020,2.5
Turkmenistan,TKM,2001,6.8
Turkmenistan,TKM,2002,6.2
Turkmenistan,TKM,2003,5.2
Turkmenistan,TKM,2004,4.5
Turkmenistan,TKM,2005,4.2
Turkmenistan,TKM,2006,4
Turkmenistan,TKM,2007,3.9
Turkmenistan,TKM,2008,4
Turkmenistan,TKM,2009,4.2
Turkmenistan,TKM,2010,4.3
Turkmenistan,TKM,2011,4.3
Turkmenistan,TKM,2012,4.3
Turkmenistan,TKM,2013,3.9
Turkmenistan,TKM,2014,3.6
Turkmenistan,TKM,2015,3.4
Turkmenistan,TKM,2016,3.4
Turkmenistan,TKM,2017,3.5
Turkmenistan,TKM,2018,3.5
Turkmenistan,TKM,2019,3.5
Turkmenistan,TKM,2020,3.5
Ukraine,UKR,2001,3
Ukraine,UKR,2002,2.5
Ukraine,UKR,2003,2.5
Ukraine,UKR,2004,2.5
Ukraine,UKR,2005,2.5
Ukraine,UKR,2006,2.5
Ukraine,UKR,2007,2.5
Ukraine,UKR,2008,2.5
Ukraine,UKR,2009,2.5
Ukraine,UKR,2010,2.5
Ukraine,UKR,2011,2.5
Ukraine,UKR,2012,2.5
Ukraine,UKR,2013,2.5
Ukraine,UKR,2014,2.5
Ukraine,UKR,2015,2.5
Ukraine,UKR,2016,2.5
Ukraine,UKR,2017,2.5
Ukraine,UKR,2018,2.5
Ukraine,UKR,2019,2.6
Ukraine,UKR,2020,2.8
United Arab Emirates,ARE,2001,2.8
United Arab Emirates,ARE,2002,3.8
United Arab Emirates,ARE,2003,5.1
United Arab Emirates,ARE,2004,6.9
United Arab Emirates,ARE,2005,8
United Arab Emirates,ARE,2006,8.3
United Arab Emirates,ARE,2007,8.1
United Arab Emirates,ARE,2008,7.4
United Arab Emirates,ARE,2009,8
United Arab Emirates,ARE,2010,8.4
United Arab Emirates,ARE,2011,8.8
United Arab Emirates,ARE,2012,7.9
United Arab Emirates,ARE,2013,7.1
United Arab Emirates,ARE,2014,6.6
United Arab Emirates,ARE,2015,6.5
United Arab Emirates,ARE,2016,6.3
United Arab Emirates,ARE,2017,6.4
United Arab Emirates,ARE,2018,6.2
United Arab Emirates,ARE,2019,6
United Arab Emirates,ARE,2020,5.6
United Kingdom,GBR,2001,2.5
United Kingdom,GBR,2002,2.5
United Kingdom,GBR,2003,2.5
United Kingdom,GBR,2004,2.5
United Kingdom,GBR,2005,2.5
United Kingdom,GBR,2006,2.5
United Kingdom,GBR,2007,2.5
United Kingdom,GBR,2008,2.5
United Kingdom,GBR,2009,2.5
United Kingdom,GBR,2010,2.5
United Kingdom,GBR,2011,2.5
United Kingdom,GBR,2012,2.5
United Kingdom,GBR,2013,2.5
United Kingdom,GBR,2014,2.5
United Kingdom,GBR,2015,2.5
United Kingdom,GBR,2016,2.5
United Kingdom,GBR,2017,2.5
United Kingdom,GBR,2018,2.5
United Kingdom,GBR,2019,2.5
United Kingdom,GBR,2020,2.5
United States,USA,2001,2.5
United States,USA,2002,2.5
United States,USA,2003,2.5
United States,USA,2004,2.5
United States,USA,2005,2.5
United States,USA,2006,2.5
United States,USA,2007,2.5
United States,USA,2008,2.5
United States,USA,2009,2.5
United States,USA,2010,2.5
United States,USA,2011,2.5
United States,USA,2012,2.5
United States,USA,2013,2.5
United States,USA,2014,2.5
United States,USA,2015,2.5
United States,USA,2016,2.5
United States,USA,2017,2.5
United States,USA,2018,2.5
United States,USA,2019,2.5
United States,USA,2020,2.5
Upper-middle-income countries,,2001,9.30274
Upper-middle-income countries,,2002,8.800089
Upper-middle-income countries,,2003,8.169536
Upper-middle-income countries,,2004,7.588995
Upper-middle-income countries,,2005,6.8947897
Upper-middle-income countries,,2006,6.2274475
Upper-middle-income countries,,2007,5.4789076
Upper-middle-income countries,,2008,4.8499846
Upper-middle-income countries,,2009,4.0268054
Upper-middle-income countries,,2010,3.7456796
Upper-middle-income countries,,2011,3.6250658
Upper-middle-income countries,,2012,3.5685778
Upper-middle-income countries,,2013,3.4851716
Upper-middle-income countries,,2014,3.450504
Upper-middle-income countries,,2015,3.488706
Upper-middle-income countries,,2016,3.5587876
Upper-middle-income countries,,2017,3.6061568
Upper-middle-income countries,,2018,3.624572
Upper-middle-income countries,,2019,3.7140734
Upper-middle-income countries,,2020,3.9145021
Uruguay,URY,2001,3.6
Uruguay,URY,2002,3.5
Uruguay,URY,2003,3.7
Uruguay,URY,2004,3.8
Uruguay,URY,2005,3.9
Uruguay,URY,2006,3.7
Uruguay,URY,2007,3.1
Uruguay,URY,2008,2.5
Uruguay,URY,2009,2.5
Uruguay,URY,2010,2.5
Uruguay,URY,2011,2.5
Uruguay,URY,2012,2.5
Uruguay,URY,2013,2.5
Uruguay,URY,2014,2.5
Uruguay,URY,2015,2.5
Uruguay,URY,2016,2.5
Uruguay,URY,2017,2.5
Uruguay,URY,2018,2.5
Uruguay,URY,2019,2.5
Uruguay,URY,2020,2.5
Uzbekistan,UZB,2001,17.9
Uzbekistan,UZB,2002,19.2
Uzbekistan,UZB,2003,18.7
Uzbekistan,UZB,2004,16.8
Uzbekistan,UZB,2005,14.7
Uzbekistan,UZB,2006,12.6
Uzbekistan,UZB,2007,11.5
Uzbekistan,UZB,2008,11.2
Uzbekistan,UZB,2009,8.4
Uzbekistan,UZB,2010,5.4
Uzbekistan,UZB,2011,2.5
Uzbekistan,UZB,2012,2.5
Uzbekistan,UZB,2013,2.5
Uzbekistan,UZB,2014,2.5
Uzbekistan,UZB,2015,2.5
Uzbekistan,UZB,2016,2.5
Uzbekistan,UZB,2017,2.5
Uzbekistan,UZB,2018,2.5
Uzbekistan,UZB,2019,2.5
Uzbekistan,UZB,2020,2.5
Vanuatu,VUT,2001,7.5
Vanuatu,VUT,2002,7.4
Vanuatu,VUT,2003,7.2
Vanuatu,VUT,2004,7
Vanuatu,VUT,2005,6.9
Vanuatu,VUT,2006,6.4
Vanuatu,VUT,2007,6.1
Vanuatu,VUT,2008,5.9
Vanuatu,VUT,2009,6.1
Vanuatu,VUT,2010,6.3
Vanuatu,VUT,2011,6.9
Vanuatu,VUT,2012,7.4
Vanuatu,VUT,2013,8.1
Vanuatu,VUT,2014,8.8
Vanuatu,VUT,2015,10.3
Vanuatu,VUT,2016,11.2
Vanuatu,VUT,2017,12.3
Vanuatu,VUT,2018,12.6
Vanuatu,VUT,2019,12.4
Vanuatu,VUT,2020,11.9
Venezuela,VEN,2001,14.9
Venezuela,VEN,2002,15.1
Venezuela,VEN,2003,14.6
Venezuela,VEN,2004,10
Venezuela,VEN,2005,8.4
Venezuela,VEN,2006,7
Venezuela,VEN,2007,4.8
Venezuela,VEN,2008,2.8
Venezuela,VEN,2009,2.5
Venezuela,VEN,2010,2.5
Venezuela,VEN,2011,2.5
Venezuela,VEN,2012,2.5
Venezuela,VEN,2013,2.5
Venezuela,VEN,2014,4.5
Venezuela,VEN,2015,11.3
Venezuela,VEN,2016,16.4
Venezuela,VEN,2017,22.2
Venezuela,VEN,2018,22.7
Venezuela,VEN,2019,24.9
Venezuela,VEN,2020,22.9
Vietnam,VNM,2001,19.7
Vietnam,VNM,2002,18
Vietnam,VNM,2003,16.3
Vietnam,VNM,2004,15.7
Vietnam,VNM,2005,15.5
Vietnam,VNM,2006,15.3
Vietnam,VNM,2007,14.1
Vietnam,VNM,2008,12.9
Vietnam,VNM,2009,11.7
Vietnam,VNM,2010,10.9
Vietnam,VNM,2011,9.8
Vietnam,VNM,2012,9.2
Vietnam,VNM,2013,8.7
Vietnam,VNM,2014,8.6
Vietnam,VNM,2015,8.1
Vietnam,VNM,2016,7.8
Vietnam,VNM,2017,7.2
Vietnam,VNM,2018,6.8
Vietnam,VNM,2019,6.2
Vietnam,VNM,2020,5.7
World,OWID_WRL,2001,13.1
World,OWID_WRL,2002,13.3
World,OWID_WRL,2003,13
World,OWID_WRL,2004,12.9
World,OWID_WRL,2005,12.3
World,OWID_WRL,2006,11.5
World,OWID_WRL,2007,10.5
World,OWID_WRL,2008,10
World,OWID_WRL,2009,9.8
World,OWID_WRL,2010,8.6
World,OWID_WRL,2011,8.3
World,OWID_WRL,2012,8.2
World,OWID_WRL,2013,7.9
World,OWID_WRL,2014,7.8
World,OWID_WRL,2015,8
World,OWID_WRL,2016,7.8
World,OWID_WRL,2017,7.6
World,OWID_WRL,2018,7.7
World,OWID_WRL,2019,8
World,OWID_WRL,2020,9.3
Yemen,YEM,2001,26.7
Yemen,YEM,2002,27.6
Yemen,YEM,2003,28
Yemen,YEM,2004,28.3
Yemen,YEM,2005,27.8
Yemen,YEM,2006,26.6
Yemen,YEM,2007,26.1
Yemen,YEM,2008,26
Yemen,YEM,2009,24.2
Yemen,YEM,2010,27.1
Yemen,YEM,2011,29.1
Yemen,YEM,2012,33.3
Yemen,YEM,2013,34.3
Yemen,YEM,2014,38.1
Yemen,YEM,2015,43.4
Yemen,YEM,2016,46.1
Yemen,YEM,2017,46.6
Yemen,YEM,2018,44.7
Yemen,YEM,2019,42.8
Yemen,YEM,2020,41.4